ride_id,rideable_type,started_at,ended_at,start_station_name,start_station_id,end_station_name,end_station_id,start_lat,start_lng,end_lat,end_lng,member_casual
011C8EF97AB0F30D,classic_bike,2024-05-31 19:45:38,2024-06-01 20:45:33,Clifton Ave & Armitage Ave,TA1307000163,NULL,NULL,41.918216,-87.656936,NULL,NULL,casual
011C8EF97AB0F30D,classic_bike,2024-05-31 19:45:38.037,2024-06-01 20:45:33.862,Clifton Ave & Armitage Ave,TA1307000163,NULL,NULL,41.918216,-87.656936,NULL,NULL,casual
01406457A85B0AFF,electric_bike,2024-05-31 23:54:59.194,2024-06-01 00:01:47.626,NULL,NULL,Damen Ave & Chicago Ave,13132,41.89,-87.67,41.895769,-87.67722,member
01406457A85B0AFF,electric_bike,2024-05-31 23:54:59,2024-06-01 00:01:47,NULL,NULL,Damen Ave & Chicago Ave,13132,41.89,-87.67,41.895769,-87.67722,member
02606FBC7F8537EE,classic_bike,2024-05-31 17:55:01.635,2024-06-01 18:54:53.97,Pine Grove Ave & Waveland Ave,TA1307000150,NULL,NULL,41.94947274088333,-87.64645278453827,NULL,NULL,casual
02606FBC7F8537EE,classic_bike,2024-05-31 17:55:01,2024-06-01 18:54:53,Pine Grove Ave & Waveland Ave,TA1307000150,NULL,NULL,41.94947274088333,-87.64645278453827,NULL,NULL,casual
0354FD0756337B59,electric_bike,2024-05-31 23:34:36,2024-06-01 00:14:29,NULL,NULL,NULL,NULL,41.97,-87.66,41.96,-87.66,casual
0354FD0756337B59,electric_bike,2024-05-31 23:34:36.273,2024-06-01 00:14:29.238,NULL,NULL,NULL,NULL,41.97,-87.66,41.96,-87.66,casual
048C715F1DE0D8C0,electric_bike,2024-05-31 23:53:44.401,2024-06-01 00:12:26.776,NULL,NULL,NULL,NULL,41.89,-87.66,41.89,-87.67,casual
048C715F1DE0D8C0,electric_bike,2024-05-31 23:53:44,2024-06-01 00:12:26,NULL,NULL,NULL,NULL,41.89,-87.66,41.89,-87.67,casual
05D27072A33A290C,classic_bike,2024-05-31 16:34:46,2024-06-01 04:12:45,Dearborn St & Erie St,13045,DuSable Lake Shore Dr & Diversey Pkwy,TA1309000039,41.893992,-87.629318,41.932588,-87.636427,member
05D27072A33A290C,classic_bike,2024-05-31 16:34:46.426,2024-06-01 04:12:45.545,Dearborn St & Erie St,13045,DuSable Lake Shore Dr & Diversey Pkwy,TA1309000039,41.893992,-87.629318,41.932588,-87.636427,member
0625A51D397A68F9,classic_bike,2024-05-31 23:51:12,2024-06-01 00:01:17,Shedd Aquarium,15544,Dearborn St & Van Buren St,624,41.86722595682,-87.6153553902,41.876268,-87.629155,casual
0625A51D397A68F9,classic_bike,2024-05-31 23:51:12.862,2024-06-01 00:01:17.815,Shedd Aquarium,15544,Dearborn St & Van Buren St,624,41.86722595682,-87.6153553902,41.876268,-87.629155,casual
076F662AFB9CAEC1,classic_bike,2024-05-31 19:19:38.259,2024-06-01 20:19:29.535,Delano Ct & Roosevelt Rd,KA1706005007,NULL,NULL,41.867491,-87.63219,NULL,NULL,casual
076F662AFB9CAEC1,classic_bike,2024-05-31 19:19:38,2024-06-01 20:19:29,Delano Ct & Roosevelt Rd,KA1706005007,NULL,NULL,41.867491,-87.63219,NULL,NULL,casual
07DBFDA3C91006AE,classic_bike,2024-05-31 22:35:31,2024-06-01 09:05:13,Western Ave & Walton St,KA1504000103,Western Ave & Walton St,KA1504000103,41.89841768945,-87.6865960164,41.89841768945,-87.6865960164,casual
07DBFDA3C91006AE,classic_bike,2024-05-31 22:35:31.362,2024-06-01 09:05:13.16,Western Ave & Walton St,KA1504000103,Western Ave & Walton St,KA1504000103,41.89841768945,-87.6865960164,41.89841768945,-87.6865960164,casual
0AE60485F97A473D,classic_bike,2024-05-31 23:52:30.877,2024-06-01 00:00:02.288,Wells St & Concord Ln,TA1308000050,Halsted St & Willow St,TA1307000166,41.912133,-87.634656,41.913865,-87.648755,casual
0AE60485F97A473D,classic_bike,2024-05-31 23:52:30,2024-06-01 00:00:02,Wells St & Concord Ln,TA1308000050,Halsted St & Willow St,TA1307000166,41.912133,-87.634656,41.913865,-87.648755,casual
0AF69D1A20891AD2,classic_bike,2024-05-31 23:51:45,2024-06-01 00:02:32,Lincoln Ave & Diversey Pkwy,TA1307000064,Broadway & Waveland Ave,13325,41.932225,-87.658617,41.949074,-87.648636,member
0AF69D1A20891AD2,classic_bike,2024-05-31 23:51:45.036,2024-06-01 00:02:32.462,Lincoln Ave & Diversey Pkwy,TA1307000064,Broadway & Waveland Ave,13325,41.932225,-87.658617,41.949074,-87.648636,member
0BA4301425A10833,electric_bike,2024-05-31 23:20:23.843,2024-06-01 00:33:19.097,McClurg Ct & Erie St,KA1503000041,McClurg Ct & Erie St,KA1503000041,41.894141793,-87.617877603,41.894503,-87.617854,casual
0BA4301425A10833,electric_bike,2024-05-31 23:20:23,2024-06-01 00:33:19,McClurg Ct & Erie St,KA1503000041,McClurg Ct & Erie St,KA1503000041,41.894141793,-87.617877603,41.894503,-87.617854,casual
0C2E6C64DFAB2BB2,classic_bike,2024-05-31 20:09:42.028,2024-06-01 17:13:53.183,Millennium Park,13008,Kingsbury St & Erie St,13265,41.8810317,-87.62408432,41.89380805624359,-87.64169722795485,casual
0C2E6C64DFAB2BB2,classic_bike,2024-05-31 20:09:42,2024-06-01 17:13:53,Millennium Park,13008,Kingsbury St & Erie St,13265,41.8810317,-87.62408432,41.89380805624359,-87.64169722795485,casual
0D0D725EFA73D4BC,classic_bike,2024-05-31 15:21:08.374,2024-06-01 16:21:01.414,Seeley Ave & Roscoe St,13144,NULL,NULL,41.943403,-87.679618,NULL,NULL,member
0D0D725EFA73D4BC,classic_bike,2024-05-31 15:21:08,2024-06-01 16:21:01,Seeley Ave & Roscoe St,13144,NULL,NULL,41.943403,-87.679618,NULL,NULL,member
0D8EF5177D598456,classic_bike,2024-05-31 20:59:29.901,2024-06-01 21:59:22.145,Wentworth Ave & Cermak Rd*,chargingstx07,NULL,NULL,41.853214418519656,-87.63187229633331,NULL,NULL,casual
0D8EF5177D598456,classic_bike,2024-05-31 20:59:29,2024-06-01 21:59:22,Wentworth Ave & Cermak Rd*,chargingstx07,NULL,NULL,41.853214418519656,-87.63187229633331,NULL,NULL,casual
0E1131612794809B,electric_bike,2024-05-31 23:57:09.25,2024-06-01 00:18:09.373,NULL,NULL,NULL,NULL,41.9,-87.67,41.97,-87.67,member
0E1131612794809B,electric_bike,2024-05-31 23:57:09,2024-06-01 00:18:09,NULL,NULL,NULL,NULL,41.9,-87.67,41.97,-87.67,member
0F96F0BD8E9401F0,classic_bike,2024-05-31 20:10:57.608,2024-06-01 09:21:21.753,Clark St & Wellington Ave,TA1307000136,Halsted St & Roscoe St,TA1309000025,41.9364968219,-87.6475386582,41.94367,-87.64895,casual
0F96F0BD8E9401F0,classic_bike,2024-05-31 20:10:57,2024-06-01 09:21:21,Clark St & Wellington Ave,TA1307000136,Halsted St & Roscoe St,TA1309000025,41.9364968219,-87.6475386582,41.94367,-87.64895,casual
0FFF5607CF3F8A8D,classic_bike,2024-05-31 11:30:35.361,2024-06-01 12:30:30.62,Dusable Harbor,KA1503000064,NULL,NULL,41.886976,-87.612813,NULL,NULL,casual
0FFF5607CF3F8A8D,classic_bike,2024-05-31 11:30:35,2024-06-01 12:30:30,Dusable Harbor,KA1503000064,NULL,NULL,41.886976,-87.612813,NULL,NULL,casual
1031D4B5FAB89670,electric_bike,2024-05-31 23:56:47,2024-06-01 00:29:35,Knox Ave & Montrose Ave,592,Broadway & Sheridan Rd,13323,41.960645676,-87.745454907,41.952833,-87.649993,member
1031D4B5FAB89670,electric_bike,2024-05-31 23:56:47.556,2024-06-01 00:29:35.818,Knox Ave & Montrose Ave,592,Broadway & Sheridan Rd,13323,41.960645676,-87.745454907,41.952833,-87.649993,member
10B8505E74E83213,classic_bike,2024-05-31 23:55:23,2024-06-01 00:02:30,Sheffield Ave & Kingsbury St,13154,Bissell St & Armitage Ave*,chargingstx1,41.910522,-87.653106,41.9182955629354,-87.65218332409859,member
10B8505E74E83213,classic_bike,2024-05-31 23:55:23.717,2024-06-01 00:02:30.563,Sheffield Ave & Kingsbury St,13154,Bissell St & Armitage Ave*,chargingstx1,41.910522,-87.653106,41.9182955629354,-87.65218332409859,member
116163E4247CD8D2,classic_bike,2024-05-31 11:49:34,2024-06-01 00:05:55,Broadway & Ridge Ave,15578,Paulina St & Montrose Ave,TA1309000021,41.9840446107,-87.6602738295,41.961507,-87.671387,member
116163E4247CD8D2,classic_bike,2024-05-31 11:49:34.737,2024-06-01 00:05:55.345,Broadway & Ridge Ave,15578,Paulina St & Montrose Ave,TA1309000021,41.9840446107,-87.6602738295,41.961507,-87.671387,member
11CEA27E4D1BBBA0,electric_bike,2024-05-31 23:47:32,2024-06-01 00:11:02,Wells St & 19th St,SL-006,NULL,NULL,41.85681433333333,-87.63383866666666,41.87,-87.66,member
11CEA27E4D1BBBA0,electric_bike,2024-05-31 23:47:32.801,2024-06-01 00:11:02.394,Wells St & 19th St,SL-006,NULL,NULL,41.85681433333333,-87.63383866666666,41.87,-87.66,member
11D27AC26E0042CF,classic_bike,2024-05-31 23:57:59,2024-06-01 00:16:56,Halsted St & Dickens Ave,13192,Cannon Dr & Fullerton Ave,13124,41.919936,-87.64883,41.9267559875,-87.6344287848,member
11D27AC26E0042CF,classic_bike,2024-05-31 23:57:59.466,2024-06-01 00:16:56.31,Halsted St & Dickens Ave,13192,Cannon Dr & Fullerton Ave,13124,41.919936,-87.64883,41.9267559875,-87.6344287848,member
1287B41238736829,classic_bike,2024-05-31 23:44:02.496,2024-06-01 00:13:12.321,State St & Kinzie St,13050,Campbell Ave & North Ave,13257,41.889375466631684,-87.62707650661469,41.910535,-87.689556,casual
1287B41238736829,classic_bike,2024-05-31 23:44:02,2024-06-01 00:13:12,State St & Kinzie St,13050,Campbell Ave & North Ave,13257,41.889375466631684,-87.62707650661469,41.910535,-87.689556,casual
141E161AD457FB35,electric_bike,2024-05-31 22:54:06.621,2024-06-01 00:07:50.589,Clark St & Grace St,TA1307000127,NULL,NULL,41.950929523,-87.659210682,41.91,-87.7,member
141E161AD457FB35,electric_bike,2024-05-31 22:54:06,2024-06-01 00:07:50,Clark St & Grace St,TA1307000127,NULL,NULL,41.950929523,-87.659210682,41.91,-87.7,member
1670C17367E02F66,classic_bike,2024-05-31 23:55:12,2024-06-01 00:11:55,Southport Ave & Belmont Ave,13229,Broadway & Argyle St,13108,41.93947775040509,-87.6637476682663,41.973815,-87.65966,casual
1670C17367E02F66,classic_bike,2024-05-31 23:55:12.958,2024-06-01 00:11:55.895,Southport Ave & Belmont Ave,13229,Broadway & Argyle St,13108,41.93947775040509,-87.6637476682663,41.973815,-87.65966,casual
16F5F953C0164A96,classic_bike,2024-05-31 16:01:20,2024-06-01 17:01:15,Burnham Greenway & 112th St,20219,NULL,NULL,41.69177385116831,-87.53043115139008,NULL,NULL,casual
16F5F953C0164A96,classic_bike,2024-05-31 16:01:20.521,2024-06-01 17:01:15.217,Burnham Greenway & 112th St,20219,NULL,NULL,41.69177385116831,-87.53043115139008,NULL,NULL,casual
171D1ADC1F6AB687,classic_bike,2024-05-31 23:18:10,2024-06-01 00:13:21,Streeter Dr & Grand Ave,13022,Clark St & Columbia Ave,RP-008,41.892278,-87.612043,42.00445062934,-87.6724024047,member
171D1ADC1F6AB687,classic_bike,2024-05-31 23:18:10.234,2024-06-01 00:13:21.787,Streeter Dr & Grand Ave,13022,Clark St & Columbia Ave,RP-008,41.892278,-87.612043,42.00445062934,-87.6724024047,member
182D4AC517DFD38A,classic_bike,2024-05-31 23:55:16.706,2024-06-01 00:02:30.288,Sheffield Ave & Kingsbury St,13154,Bissell St & Armitage Ave*,chargingstx1,41.910522,-87.653106,41.9182955629354,-87.65218332409859,member
182D4AC517DFD38A,classic_bike,2024-05-31 23:55:16,2024-06-01 00:02:30,Sheffield Ave & Kingsbury St,13154,Bissell St & Armitage Ave*,chargingstx1,41.910522,-87.653106,41.9182955629354,-87.65218332409859,member
1B57E6F3A5495300,classic_bike,2024-05-31 23:34:14.21,2024-06-01 00:22:46.368,DuSable Lake Shore Dr & Belmont Ave,TA1309000049,Broadway & Sheridan Rd,13323,41.940775,-87.639192,41.952833,-87.649993,casual
1B57E6F3A5495300,classic_bike,2024-05-31 23:34:14,2024-06-01 00:22:46,DuSable Lake Shore Dr & Belmont Ave,TA1309000049,Broadway & Sheridan Rd,13323,41.940775,-87.639192,41.952833,-87.649993,casual
1D8856396862BE62,electric_bike,2024-05-31 23:56:12.241,2024-06-01 00:10:02.667,California Ave & Milwaukee Ave,13084,NULL,NULL,41.922713876,-87.697153926,41.93,-87.72,casual
1D8856396862BE62,electric_bike,2024-05-31 23:56:12,2024-06-01 00:10:02,California Ave & Milwaukee Ave,13084,NULL,NULL,41.922713876,-87.697153926,41.93,-87.72,casual
1EF6CBC15814F5DA,classic_bike,2024-05-31 20:56:46,2024-06-01 17:56:00,Clark St & Wrightwood Ave,TA1305000014,Clark St & Grace St,TA1307000127,41.929546,-87.643118,41.95078,-87.659172,casual
1EF6CBC15814F5DA,classic_bike,2024-05-31 20:56:46.442,2024-06-01 17:56:00.376,Clark St & Wrightwood Ave,TA1305000014,Clark St & Grace St,TA1307000127,41.929546,-87.643118,41.95078,-87.659172,casual
1FB582CE5090E54E,electric_bike,2024-05-31 23:57:02.179,2024-06-01 00:07:18.023,State St & 35th St,TA1307000129,NULL,NULL,41.831033707,-87.626861215,41.83,-87.67,member
1FB582CE5090E54E,electric_bike,2024-05-31 23:57:02,2024-06-01 00:07:18,State St & 35th St,TA1307000129,NULL,NULL,41.831033707,-87.626861215,41.83,-87.67,member
23F678CC1EB2E18F,classic_bike,2024-05-31 23:58:04,2024-06-01 00:04:35,Wabash Ave & Grand Ave,TA1307000117,Columbus Dr & Randolph St,13263,41.891466,-87.626761,41.884728,-87.619521,member
23F678CC1EB2E18F,classic_bike,2024-05-31 23:58:04.622,2024-06-01 00:04:35.403,Wabash Ave & Grand Ave,TA1307000117,Columbus Dr & Randolph St,13263,41.891466,-87.626761,41.884728,-87.619521,member
248DD67F08EA74D6,classic_bike,2024-05-31 18:17:30,2024-06-01 19:17:23,Leavitt St & Belmont Ave,KA17018068,NULL,NULL,41.939354,-87.683282,NULL,NULL,casual
248DD67F08EA74D6,classic_bike,2024-05-31 18:17:30.664,2024-06-01 19:17:23.811,Leavitt St & Belmont Ave,KA17018068,NULL,NULL,41.939354,-87.683282,NULL,NULL,casual
2693CC283E128075,classic_bike,2024-05-31 23:33:06.579,2024-06-01 00:05:00.376,Leavitt St & Chicago Ave,18058,Kosciuszko Park,15643,41.895501,-87.682017,41.93058537138,-87.7237773635,casual
2693CC283E128075,classic_bike,2024-05-31 23:33:06,2024-06-01 00:05:00,Leavitt St & Chicago Ave,18058,Kosciuszko Park,15643,41.895501,-87.682017,41.93058537138,-87.7237773635,casual
27E22B0E0E076D62,classic_bike,2024-05-31 19:20:23,2024-06-01 20:20:04,Delano Ct & Roosevelt Rd,KA1706005007,NULL,NULL,41.867491,-87.63219,NULL,NULL,casual
27E22B0E0E076D62,classic_bike,2024-05-31 19:20:23.304,2024-06-01 20:20:04.109,Delano Ct & Roosevelt Rd,KA1706005007,NULL,NULL,41.867491,-87.63219,NULL,NULL,casual
29F756066AB38269,electric_bike,2024-05-31 23:55:26.801,2024-06-01 00:06:26.277,Dearborn Pkwy & Delaware Pl,TA1307000128,NULL,NULL,41.898926973,-87.629926443,41.93,-87.64,member
29F756066AB38269,electric_bike,2024-05-31 23:55:26,2024-06-01 00:06:26,Dearborn Pkwy & Delaware Pl,TA1307000128,NULL,NULL,41.898926973,-87.629926443,41.93,-87.64,member
2C2CD7C3DCBC3C39,classic_bike,2024-05-31 01:09:43.561,2024-06-01 02:09:36.476,Michigan Ave & 8th St,623,NULL,NULL,41.872773,-87.623981,NULL,NULL,casual
2C2CD7C3DCBC3C39,classic_bike,2024-05-31 01:09:43,2024-06-01 02:09:36,Michigan Ave & 8th St,623,NULL,NULL,41.872773,-87.623981,NULL,NULL,casual
2C772EDDDBDEFDA3,electric_bike,2024-05-31 23:42:42.116,2024-06-01 00:25:08.424,Dearborn St & Van Buren St,624,DuSable Lake Shore Dr & Monroe St,13300,41.876053929,-87.629920602,41.880958,-87.616743,casual
2C772EDDDBDEFDA3,electric_bike,2024-05-31 23:42:42,2024-06-01 00:25:08,Dearborn St & Van Buren St,624,DuSable Lake Shore Dr & Monroe St,13300,41.876053929,-87.629920602,41.880958,-87.616743,casual
2DC6CDE0D7B7F70B,classic_bike,2024-05-31 20:17:26.651,2024-06-01 21:17:21.74,Wells St & Evergreen Ave,TA1308000049,NULL,NULL,41.906724,-87.63483,NULL,NULL,casual
2DC6CDE0D7B7F70B,classic_bike,2024-05-31 20:17:26,2024-06-01 21:17:21,Wells St & Evergreen Ave,TA1308000049,NULL,NULL,41.906724,-87.63483,NULL,NULL,casual
2EB522511165DB63,electric_bike,2024-05-31 23:49:06,2024-06-01 00:12:02,Wells St & 19th St,SL-006,Loomis St & Lexington St,13332,41.856829643,-87.63382709,41.87222873224032,-87.66136385500431,member
2EB522511165DB63,electric_bike,2024-05-31 23:49:06.955,2024-06-01 00:12:02.078,Wells St & 19th St,SL-006,Loomis St & Lexington St,13332,41.856829643,-87.63382709,41.87222873224032,-87.66136385500431,member
2F6D74102A4FFFD6,classic_bike,2024-05-31 23:45:59,2024-06-01 00:11:51,Morgan St & Lake St*,chargingstx4,LaSalle Dr & Huron St,KP1705001026,41.88549170626906,-87.65228927135468,41.894877,-87.632326,member
2F6D74102A4FFFD6,classic_bike,2024-05-31 23:45:59.789,2024-06-01 00:11:51.768,Morgan St & Lake St*,chargingstx4,LaSalle Dr & Huron St,KP1705001026,41.88549170626906,-87.65228927135468,41.894877,-87.632326,member
2F9BC5B5C50E3E3C,classic_bike,2024-05-31 23:55:44,2024-06-01 00:07:11.275,Halsted St & Roscoe St,TA1309000025,Sheffield Ave & Waveland Ave,TA1307000126,41.94367,-87.64895,41.949399,-87.654529,casual
2F9BC5B5C50E3E3C,classic_bike,2024-05-31 23:55:44,2024-06-01 00:07:11,Halsted St & Roscoe St,TA1309000025,Sheffield Ave & Waveland Ave,TA1307000126,41.94367,-87.64895,41.949399,-87.654529,casual
356A1015AB00A343,electric_bike,2024-05-31 23:54:07,2024-06-01 00:05:04,Tripp Ave & 31st St,21368,NULL,NULL,41.836947441,-87.730502248,41.85,-87.72,casual
356A1015AB00A343,electric_bike,2024-05-31 23:54:07.382,2024-06-01 00:05:04.176,Tripp Ave & 31st St,21368,NULL,NULL,41.836947441,-87.730502248,41.85,-87.72,casual
387670A6287237C7,electric_bike,2024-05-31 23:55:59.232,2024-06-01 00:06:52.849,NULL,NULL,Clark St & Winnemac Ave,TA1309000035,41.95,-87.66,41.973347640473044,-87.6678554713726,member
387670A6287237C7,electric_bike,2024-05-31 23:55:59,2024-06-01 00:06:52,NULL,NULL,Clark St & Winnemac Ave,TA1309000035,41.95,-87.66,41.973347640473044,-87.6678554713726,member
394331DFAF9F2347,classic_bike,2024-05-31 23:32:20.214,2024-06-01 00:50:10.032,State St & Randolph St,TA1305000029,Jeffery Blvd & 67th St,KA1503000030,41.88462107257936,-87.62783423066139,41.77351755125,-87.5771428255,member
394331DFAF9F2347,classic_bike,2024-05-31 23:32:20,2024-06-01 00:50:10,State St & Randolph St,TA1305000029,Jeffery Blvd & 67th St,KA1503000030,41.88462107257936,-87.62783423066139,41.77351755125,-87.5771428255,member
39ECDF3F0C281CE5,classic_bike,2024-05-31 23:50:58.646,2024-06-01 00:06:25.711,Wilton Ave & Belmont Ave,TA1307000134,Broadway & Wilson Ave,13074,41.940231918108594,-87.65294373035431,41.965221,-87.658139,member
39ECDF3F0C281CE5,classic_bike,2024-05-31 23:50:58,2024-06-01 00:06:25,Wilton Ave & Belmont Ave,TA1307000134,Broadway & Wilson Ave,13074,41.940231918108594,-87.65294373035431,41.965221,-87.658139,member
3A0BC4DC143CCD47,classic_bike,2024-05-31 23:38:32.547,2024-06-01 00:19:09.502,Wilton Ave & Belmont Ave,TA1307000134,Morgan St & Polk St,TA1307000130,41.940231918108594,-87.65294373035431,41.871737,-87.65103,casual
3A0BC4DC143CCD47,classic_bike,2024-05-31 23:38:32,2024-06-01 00:19:09,Wilton Ave & Belmont Ave,TA1307000134,Morgan St & Polk St,TA1307000130,41.940231918108594,-87.65294373035431,41.871737,-87.65103,casual
3A1629D062D4B70D,classic_bike,2024-05-31 23:40:05.051,2024-06-01 00:01:51.882,Wells St & Concord Ln,TA1308000050,DuSable Lake Shore Dr & Diversey Pkwy,TA1309000039,41.912133,-87.634656,41.932588,-87.636427,casual
3A1629D062D4B70D,classic_bike,2024-05-31 23:40:05,2024-06-01 00:01:51,Wells St & Concord Ln,TA1308000050,DuSable Lake Shore Dr & Diversey Pkwy,TA1309000039,41.912133,-87.634656,41.932588,-87.636427,casual
3B5CE4D8B3EE6ED8,electric_bike,2024-05-31 23:50:04.153,2024-06-01 00:06:08.273,NULL,NULL,NULL,NULL,41.98,-87.67,41.98,-87.67,casual
3B5CE4D8B3EE6ED8,electric_bike,2024-05-31 23:50:04,2024-06-01 00:06:08,NULL,NULL,NULL,NULL,41.98,-87.67,41.98,-87.67,casual
3C27AB14C485A63A,electric_bike,2024-05-31 23:58:00.736,2024-06-01 00:16:18.27,Wells St & Evergreen Ave,TA1308000049,NULL,NULL,41.906787753,-87.635057688,41.91,-87.63,casual
3C27AB14C485A63A,electric_bike,2024-05-31 23:58:00,2024-06-01 00:16:18,Wells St & Evergreen Ave,TA1308000049,NULL,NULL,41.906787753,-87.635057688,41.91,-87.63,casual
3CE5E2EB3B4E1999,electric_bike,2024-05-31 22:28:32,2024-06-01 00:50:53,Columbus Dr & Randolph St,13263,Wentworth Ave & Cermak Rd*,chargingstx07,41.884437203,-87.619559765,41.853214418519656,-87.63187229633331,casual
3CE5E2EB3B4E1999,electric_bike,2024-05-31 22:28:32.472,2024-06-01 00:50:53.98,Columbus Dr & Randolph St,13263,Wentworth Ave & Cermak Rd*,chargingstx07,41.884437203,-87.619559765,41.853214418519656,-87.63187229633331,casual
3DEB24E2AF1D3C68,classic_bike,2024-05-31 17:46:08.598,2024-06-01 18:45:46.918,Damen Ave & Foster Ave,KA1504000149,NULL,NULL,41.97561480459,-87.6794590387,NULL,NULL,casual
3DEB24E2AF1D3C68,classic_bike,2024-05-31 17:46:08,2024-06-01 18:45:46,Damen Ave & Foster Ave,KA1504000149,NULL,NULL,41.97561480459,-87.6794590387,NULL,NULL,casual
3F8AA01C33AD62BA,classic_bike,2024-05-31 22:49:28,2024-06-01 04:55:05,Larrabee St & Webster Ave,13193,Wells St & Concord Ln,TA1308000050,41.921822,-87.64414,41.912133,-87.634656,casual
3F8AA01C33AD62BA,classic_bike,2024-05-31 22:49:28.825,2024-06-01 04:55:05.051,Larrabee St & Webster Ave,13193,Wells St & Concord Ln,TA1308000050,41.921822,-87.64414,41.912133,-87.634656,casual
404A6359522B7323,electric_bike,2024-05-31 23:58:52,2024-06-01 00:19:50,NULL,NULL,Morgan St & Polk St,TA1307000130,41.88,-87.64,41.871737,-87.65103,member
404A6359522B7323,electric_bike,2024-05-31 23:58:52.782,2024-06-01 00:19:50.654,NULL,NULL,Morgan St & Polk St,TA1307000130,41.88,-87.64,41.871737,-87.65103,member
41672C5E95EBBC67,classic_bike,2024-05-31 23:57:51,2024-06-01 00:05:28,Leavitt St & Belmont Ave,KA17018068,Seeley Ave & Roscoe St,13144,41.939354,-87.683282,41.943403,-87.679618,member
41672C5E95EBBC67,classic_bike,2024-05-31 23:57:51.94,2024-06-01 00:05:28.583,Leavitt St & Belmont Ave,KA17018068,Seeley Ave & Roscoe St,13144,41.939354,-87.683282,41.943403,-87.679618,member
427979C35786180C,electric_bike,2024-05-31 23:58:50,2024-06-01 00:11:02,NULL,NULL,NULL,NULL,41.92,-87.68,41.92,-87.68,casual
427979C35786180C,electric_bike,2024-05-31 23:58:50.06,2024-06-01 00:11:02.599,NULL,NULL,NULL,NULL,41.92,-87.68,41.92,-87.68,casual
42FFFCAF265A610D,electric_bike,2024-05-31 23:53:04.711,2024-06-01 00:13:17.786,NULL,NULL,NULL,NULL,41.93,-87.65,41.91,-87.63,casual
42FFFCAF265A610D,electric_bike,2024-05-31 23:53:04,2024-06-01 00:13:17,NULL,NULL,NULL,NULL,41.93,-87.65,41.91,-87.63,casual
43637BA11F2DAA42,classic_bike,2024-05-31 20:27:14.662,2024-06-01 13:28:51.261,Dearborn St & Erie St,13045,Broadway & Cornelia Ave,13278,41.893992,-87.629318,41.945529,-87.646439,casual
43637BA11F2DAA42,classic_bike,2024-05-31 20:27:14,2024-06-01 13:28:51,Dearborn St & Erie St,13045,Broadway & Cornelia Ave,13278,41.893992,-87.629318,41.945529,-87.646439,casual
439F3F47987B3C29,classic_bike,2024-05-31 19:46:21.423,2024-06-01 20:46:16.692,Clifton Ave & Armitage Ave,TA1307000163,NULL,NULL,41.918216,-87.656936,NULL,NULL,casual
439F3F47987B3C29,classic_bike,2024-05-31 19:46:21,2024-06-01 20:46:16,Clifton Ave & Armitage Ave,TA1307000163,NULL,NULL,41.918216,-87.656936,NULL,NULL,casual
43CD52984AD22D99,electric_bike,2024-05-31 23:45:51,2024-06-01 00:11:46,Wentworth Ave & Cermak Rd*,chargingstx07,Loomis St & Lexington St,13332,41.853097796,-87.631870747,41.87222873224032,-87.66136385500431,member
43CD52984AD22D99,electric_bike,2024-05-31 23:45:51.464,2024-06-01 00:11:46.299,Wentworth Ave & Cermak Rd*,chargingstx07,Loomis St & Lexington St,13332,41.853097796,-87.631870747,41.87222873224032,-87.66136385500431,member
43F5E06516957BF9,classic_bike,2024-05-31 18:23:08.416,2024-06-01 00:53:50.505,Streeter Dr & Grand Ave,13022,Sheffield Ave & Waveland Ave,TA1307000126,41.892278,-87.612043,41.949399,-87.654529,casual
43F5E06516957BF9,classic_bike,2024-05-31 18:23:08,2024-06-01 00:53:50,Streeter Dr & Grand Ave,13022,Sheffield Ave & Waveland Ave,TA1307000126,41.892278,-87.612043,41.949399,-87.654529,casual
44CC4F2EBA96A21E,electric_bike,2024-05-31 23:57:54,2024-06-01 00:00:20,Michigan Ave & Washington St,13001,Columbus Dr & Randolph St,13263,41.883807063,-87.624498963,41.884728,-87.619521,casual
44CC4F2EBA96A21E,electric_bike,2024-05-31 23:57:54.576,2024-06-01 00:00:20.86,Michigan Ave & Washington St,13001,Columbus Dr & Randolph St,13263,41.883807063,-87.624498963,41.884728,-87.619521,casual
456B53D1210C6052,electric_bike,2024-05-31 23:56:39,2024-06-01 00:06:59,Lakefront Trail & Wilson Ave,639,Sheridan Rd & Argyle St,13059,41.965797186,-87.645546794,41.97328682025979,-87.65475958585739,casual
456B53D1210C6052,electric_bike,2024-05-31 23:56:39.827,2024-06-01 00:06:59.242,Lakefront Trail & Wilson Ave,639,Sheridan Rd & Argyle St,13059,41.965797186,-87.645546794,41.97328682025979,-87.65475958585739,casual
457012CA083F9E32,classic_bike,2024-05-31 23:45:42,2024-06-01 00:01:28,Clark St & Berwyn Ave,KA1504000146,California Ave & Montrose Ave,15622,41.978030622486564,-87.66856491565704,41.961068,-87.695439,member
457012CA083F9E32,classic_bike,2024-05-31 23:45:42.935,2024-06-01 00:01:28.129,Clark St & Berwyn Ave,KA1504000146,California Ave & Montrose Ave,15622,41.978030622486564,-87.66856491565704,41.961068,-87.695439,member
47303A30B6596A9F,classic_bike,2024-05-31 14:50:40.595,2024-06-01 15:50:31.097,Indiana Ave & Roosevelt Rd,SL-005,NULL,NULL,41.867888,-87.623041,NULL,NULL,casual
47303A30B6596A9F,classic_bike,2024-05-31 14:50:40,2024-06-01 15:50:31,Indiana Ave & Roosevelt Rd,SL-005,NULL,NULL,41.867888,-87.623041,NULL,NULL,casual
48336A2CA0B002D9,electric_bike,2024-05-31 23:45:47.523,2024-06-01 00:23:48.227,Dearborn St & Van Buren St,624,DuSable Lake Shore Dr & Monroe St,13300,41.876330733,-87.629491329,41.880958,-87.616743,casual
48336A2CA0B002D9,electric_bike,2024-05-31 23:45:47,2024-06-01 00:23:48,Dearborn St & Van Buren St,624,DuSable Lake Shore Dr & Monroe St,13300,41.876330733,-87.629491329,41.880958,-87.616743,casual
4975DC01D7671AEF,electric_bike,2024-05-31 23:55:09,2024-06-01 00:00:26,Wells St & Evergreen Ave,TA1308000049,Dayton St & North Ave,13058,41.906705976,-87.63499105,41.9105780349,-87.6494219288,member
4975DC01D7671AEF,electric_bike,2024-05-31 23:55:09.524,2024-06-01 00:00:26.839,Wells St & Evergreen Ave,TA1308000049,Dayton St & North Ave,13058,41.906705976,-87.63499105,41.9105780349,-87.6494219288,member
498F8D958AA5D698,electric_bike,2024-05-31 23:58:09,2024-06-01 00:00:24,Wells St & Institute Pl,22001,Wells St & Elm St,KA1504000135,41.897421956,-87.634379625,41.903222,-87.634324,member
498F8D958AA5D698,electric_bike,2024-05-31 23:58:09.429,2024-06-01 00:00:24.583,Wells St & Institute Pl,22001,Wells St & Elm St,KA1504000135,41.897421956,-87.634379625,41.903222,-87.634324,member
4BE365649B9B5D30,classic_bike,2024-05-31 23:57:27,2024-06-01 00:19:54,Sedgwick St & Webster Ave,13191,Sheridan Rd & Irving Park Rd,13063,41.922167,-87.638888,41.954245,-87.654406,member
4BE365649B9B5D30,classic_bike,2024-05-31 23:57:27.935,2024-06-01 00:19:54.938,Sedgwick St & Webster Ave,13191,Sheridan Rd & Irving Park Rd,13063,41.922167,-87.638888,41.954245,-87.654406,member
4DB84959E1658F13,classic_bike,2024-05-31 23:47:05,2024-06-01 00:04:57,Dearborn Pkwy & Delaware Pl,TA1307000128,Halsted St & Wrightwood Ave,TA1309000061,41.898969,-87.629912,41.929143,-87.649077,member
4DB84959E1658F13,classic_bike,2024-05-31 23:47:05.475,2024-06-01 00:04:57.591,Dearborn Pkwy & Delaware Pl,TA1307000128,Halsted St & Wrightwood Ave,TA1309000061,41.898969,-87.629912,41.929143,-87.649077,member
4E7D10C3CC65E8A2,electric_bike,2024-05-31 23:49:16,2024-06-01 00:10:09,Wells St & 19th St,SL-006,Loomis St & Lexington St,13332,41.856828094,-87.633784413,41.87222873224032,-87.66136385500431,member
4E7D10C3CC65E8A2,electric_bike,2024-05-31 23:49:16.658,2024-06-01 00:10:09.177,Wells St & 19th St,SL-006,Loomis St & Lexington St,13332,41.856828094,-87.633784413,41.87222873224032,-87.66136385500431,member
4FD56C88528DC995,classic_bike,2024-05-31 16:06:45.664,2024-06-01 17:06:34.142,Michigan Ave & Ida B Wells Dr,TA1305000010,NULL,NULL,41.876243,-87.624426,NULL,NULL,casual
4FD56C88528DC995,classic_bike,2024-05-31 16:06:45,2024-06-01 17:06:34,Michigan Ave & Ida B Wells Dr,TA1305000010,NULL,NULL,41.876243,-87.624426,NULL,NULL,casual
50D08B03C457099F,electric_bike,2024-05-31 23:54:16.896,2024-06-01 00:16:08.064,NULL,NULL,Paulina St & Montrose Ave,TA1309000021,41.9,-87.68,41.961507,-87.671387,casual
50D08B03C457099F,electric_bike,2024-05-31 23:54:16,2024-06-01 00:16:08,NULL,NULL,Paulina St & Montrose Ave,TA1309000021,41.9,-87.68,41.961507,-87.671387,casual
5322E55C9310A9D2,classic_bike,2024-05-31 23:39:06.427,2024-06-01 00:08:42.701,Clark St & Newport St,632,Kingsbury St & Erie St,13265,41.94454,-87.654678,41.89380805624359,-87.64169722795485,member
5322E55C9310A9D2,classic_bike,2024-05-31 23:39:06,2024-06-01 00:08:42,Clark St & Newport St,632,Kingsbury St & Erie St,13265,41.94454,-87.654678,41.89380805624359,-87.64169722795485,member
532780A49B9089CD,electric_bike,2024-05-31 23:57:45,2024-06-01 00:13:39,Public Rack - Garfield Park Conservatory,1059,NULL,NULL,41.88652916666667,-87.716723,41.89,-87.77,casual
532780A49B9089CD,electric_bike,2024-05-31 23:57:45.184,2024-06-01 00:13:39.363,Public Rack - Garfield Park Conservatory,1059,NULL,NULL,41.88652916666667,-87.716723,41.89,-87.77,casual
55363479163E779D,electric_bike,2024-05-31 23:57:11.641,2024-06-01 00:04:49.562,Damen Ave & Wabansia Ave,20.0,Sheffield Ave & Kingsbury St,13154,41.912261486,-87.67725849199999,41.910522,-87.653106,member
55363479163E779D,electric_bike,2024-05-31 23:57:11,2024-06-01 00:04:49,Damen Ave & Wabansia Ave,20.0,Sheffield Ave & Kingsbury St,13154,41.912261486,-87.67725849199999,41.910522,-87.653106,member
568D1B8E9DCDD633,electric_bike,2024-05-31 23:56:20.082,2024-06-01 00:02:50.024,Green St & Washington Blvd,13053,NULL,NULL,41.883194566,-87.648804903,41.87,-87.66,member
568D1B8E9DCDD633,electric_bike,2024-05-31 23:56:20,2024-06-01 00:02:50,Green St & Washington Blvd,13053,NULL,NULL,41.883194566,-87.648804903,41.87,-87.66,member
57C1F1D6D25698C9,classic_bike,2024-05-31 23:51:39.757,2024-06-01 00:22:09.546,Shedd Aquarium,15544,Cityfront Plaza Dr & Pioneer Ct,13427,41.86722595682,-87.6153553902,41.890573,-87.622072,casual
57C1F1D6D25698C9,classic_bike,2024-05-31 23:51:39,2024-06-01 00:22:09,Shedd Aquarium,15544,Cityfront Plaza Dr & Pioneer Ct,13427,41.86722595682,-87.6153553902,41.890573,-87.622072,casual
57D54C76FF580E3C,classic_bike,2024-05-31 23:51:02.25,2024-06-01 00:14:37.923,Shedd Aquarium,15544,Streeter Dr & Grand Ave,13022,41.86722595682,-87.6153553902,41.892278,-87.612043,casual
57D54C76FF580E3C,classic_bike,2024-05-31 23:51:02,2024-06-01 00:14:37,Shedd Aquarium,15544,Streeter Dr & Grand Ave,13022,41.86722595682,-87.6153553902,41.892278,-87.612043,casual
589235E69157DB52,electric_bike,2024-05-31 23:59:57,2024-06-01 00:11:38,N Southport Ave & W Newport Ave,20257.0,NULL,NULL,41.944017529,-87.663935065,41.92,-87.65,member
589235E69157DB52,electric_bike,2024-05-31 23:59:57.389,2024-06-01 00:11:38.884,N Southport Ave & W Newport Ave,20257.0,NULL,NULL,41.944017529,-87.663935065,41.92,-87.65,member
5C621DD5788D2927,electric_bike,2024-05-31 23:45:20,2024-06-01 00:34:32,NULL,NULL,NULL,NULL,41.9,-87.62,41.95,-87.66,member
5C621DD5788D2927,electric_bike,2024-05-31 23:45:20.32,2024-06-01 00:34:32.127,NULL,NULL,NULL,NULL,41.9,-87.62,41.95,-87.66,member
5CF14A89027D325F,classic_bike,2024-05-31 16:42:24.577,2024-06-01 13:13:42.509,Rush St & Superior St,15530,Streeter Dr & Grand Ave,13022,41.89576474564,-87.6259080327,41.892278,-87.612043,casual
5CF14A89027D325F,classic_bike,2024-05-31 16:42:24,2024-06-01 13:13:42,Rush St & Superior St,15530,Streeter Dr & Grand Ave,13022,41.89576474564,-87.6259080327,41.892278,-87.612043,casual
5DCA3BA77BCB1B6D,electric_bike,2024-05-31 23:50:36,2024-06-01 00:16:42,Wabash Ave & Grand Ave,TA1307000117,DuSable Lake Shore Dr & Belmont Ave,TA1309000049,41.891280055,-87.626298666,41.940775,-87.639192,member
5DCA3BA77BCB1B6D,electric_bike,2024-05-31 23:50:36.172,2024-06-01 00:16:42.88,Wabash Ave & Grand Ave,TA1307000117,DuSable Lake Shore Dr & Belmont Ave,TA1309000049,41.891280055,-87.626298666,41.940775,-87.639192,member
5E5E9FCB293D242D,classic_bike,2024-05-31 23:50:53.467,2024-06-01 00:15:12.207,Shedd Aquarium,15544,Streeter Dr & Grand Ave,13022,41.86722595682,-87.6153553902,41.892278,-87.612043,casual
5E5E9FCB293D242D,classic_bike,2024-05-31 23:50:53,2024-06-01 00:15:12,Shedd Aquarium,15544,Streeter Dr & Grand Ave,13022,41.86722595682,-87.6153553902,41.892278,-87.612043,casual
5EBCE9EF8D48B457,classic_bike,2024-05-31 15:11:01.098,2024-06-01 16:10:55.905,Michigan Ave & 14th St,TA1307000124,NULL,NULL,41.864059,-87.623727,NULL,NULL,member
5EBCE9EF8D48B457,classic_bike,2024-05-31 15:11:01,2024-06-01 16:10:55,Michigan Ave & 14th St,TA1307000124,NULL,NULL,41.864059,-87.623727,NULL,NULL,member
60B4DDFF369931B2,electric_bike,2024-05-31 23:51:07.398,2024-06-01 00:25:37.453,NULL,NULL,NULL,NULL,41.88,-87.65,41.97,-87.68,casual
60B4DDFF369931B2,electric_bike,2024-05-31 23:51:07,2024-06-01 00:25:37,NULL,NULL,NULL,NULL,41.88,-87.65,41.97,-87.68,casual
6187BABF9DD669ED,classic_bike,2024-05-31 17:23:25,2024-06-01 18:23:17,East End Ave & 87th St,20231,NULL,NULL,41.73681521440671,-87.58280128240585,41.74,-87.57,casual
6187BABF9DD669ED,classic_bike,2024-05-31 17:23:25.919,2024-06-01 18:23:17.896,East End Ave & 87th St,20231,NULL,NULL,41.73681521440671,-87.58280128240585,41.74,-87.57,casual
62F090DE2FE0ABE7,classic_bike,2024-05-31 11:03:57,2024-06-01 12:03:51,DuSable Lake Shore Dr & Diversey Pkwy,TA1309000039,NULL,NULL,41.932588,-87.636427,41.89,-87.61,casual
62F090DE2FE0ABE7,classic_bike,2024-05-31 11:03:57.427,2024-06-01 12:03:51.943,DuSable Lake Shore Dr & Diversey Pkwy,TA1309000039,NULL,NULL,41.932588,-87.636427,41.89,-87.61,casual
6457A0484EBEEB09,classic_bike,2024-05-31 11:06:59,2024-06-01 12:06:55,Dauphin Ave & 87th St,20116,NULL,NULL,41.73648,-87.601252,NULL,NULL,casual
6457A0484EBEEB09,classic_bike,2024-05-31 11:06:59.084,2024-06-01 12:06:55.672,Dauphin Ave & 87th St,20116,NULL,NULL,41.73648,-87.601252,NULL,NULL,casual
64735769D537CE5E,electric_bike,2024-05-31 23:38:58,2024-06-01 00:19:37,Broadway & Sheridan Rd,13323,NULL,NULL,41.952849627,-87.650038481,41.85,-87.68,member
64735769D537CE5E,electric_bike,2024-05-31 23:38:58.059,2024-06-01 00:19:37.243,Broadway & Sheridan Rd,13323,NULL,NULL,41.952849627,-87.650038481,41.85,-87.68,member
649DA273D03C22B5,classic_bike,2024-05-31 20:08:50.294,2024-06-01 21:08:43.689,Stetson Ave & South Water St,TA1308000029,NULL,NULL,41.886835,-87.62232,NULL,NULL,casual
649DA273D03C22B5,classic_bike,2024-05-31 20:08:50,2024-06-01 21:08:43,Stetson Ave & South Water St,TA1308000029,NULL,NULL,41.886835,-87.62232,NULL,NULL,casual
657D12F170F26244,classic_bike,2024-05-31 23:48:30.81,2024-06-01 00:13:35.454,Damen Ave & Cortland St,13133,Clark St & Leland Ave,TA1309000014,41.915983,-87.677335,41.96708783918421,-87.66729086637497,casual
657D12F170F26244,classic_bike,2024-05-31 23:48:30,2024-06-01 00:13:35,Damen Ave & Cortland St,13133,Clark St & Leland Ave,TA1309000014,41.915983,-87.677335,41.96708783918421,-87.66729086637497,casual
6593B5C94685816B,electric_bike,2024-05-31 23:44:19.749,2024-06-01 00:04:09.252,NULL,NULL,NULL,NULL,41.97,-87.76,41.93,-87.74,casual
6593B5C94685816B,electric_bike,2024-05-31 23:44:19,2024-06-01 00:04:09,NULL,NULL,NULL,NULL,41.97,-87.76,41.93,-87.74,casual
685C53C852B6E138,electric_bike,2024-05-31 23:46:19.174,2024-06-01 00:14:05.995,NULL,NULL,Honore St & Division St,TA1305000034,41.86,-87.61,41.903119,-87.673935,member
685C53C852B6E138,electric_bike,2024-05-31 23:46:19,2024-06-01 00:14:05,NULL,NULL,Honore St & Division St,TA1305000034,41.86,-87.61,41.903119,-87.673935,member
6DB231C0E18B1A4F,classic_bike,2024-05-31 23:51:57,2024-06-01 00:02:15,Wabash Ave & Grand Ave,TA1307000117,Milwaukee Ave & Grand Ave,13033,41.891466,-87.626761,41.891578,-87.648384,member
6DB231C0E18B1A4F,classic_bike,2024-05-31 23:51:57.246,2024-06-01 00:02:15.418,Wabash Ave & Grand Ave,TA1307000117,Milwaukee Ave & Grand Ave,13033,41.891466,-87.626761,41.891578,-87.648384,member
6ED3DDF49B9EE461,classic_bike,2024-05-31 23:48:38,2024-06-01 00:13:31,Morgan St & Lake St*,chargingstx4,LaSalle Dr & Huron St,KP1705001026,41.88549170626906,-87.65228927135468,41.894877,-87.632326,casual
6ED3DDF49B9EE461,classic_bike,2024-05-31 23:48:38.271,2024-06-01 00:13:31.085,Morgan St & Lake St*,chargingstx4,LaSalle Dr & Huron St,KP1705001026,41.88549170626906,-87.65228927135468,41.894877,-87.632326,casual
70DF0744AA449F1F,classic_bike,2024-05-31 18:12:14.927,2024-06-01 19:11:54.674,Southport Ave & Belmont Ave,13229,NULL,NULL,41.93947775040509,-87.6637476682663,NULL,NULL,casual
70DF0744AA449F1F,classic_bike,2024-05-31 18:12:14,2024-06-01 19:11:54,Southport Ave & Belmont Ave,13229,NULL,NULL,41.93947775040509,-87.6637476682663,NULL,NULL,casual
710616EF83DFB247,electric_bike,2024-05-31 23:59:47,2024-06-01 00:20:16,Seeley Ave & Roscoe St,13144,Green St & Madison St,TA1307000120,41.943434119,-87.679647088,41.881859328038225,-87.64926373958588,member
710616EF83DFB247,electric_bike,2024-05-31 23:59:47.253,2024-06-01 00:20:16.597,Seeley Ave & Roscoe St,13144,Green St & Madison St,TA1307000120,41.943434119,-87.679647088,41.881859328038225,-87.64926373958588,member
718E4ECBD0FE1440,electric_bike,2024-05-31 23:47:02.679,2024-06-01 00:07:18.395,Michigan Ave & 14th St,TA1307000124,Halsted St & 35th St,TA1308000043,41.864289166666666,-87.623626,41.830661,-87.647172,casual
718E4ECBD0FE1440,electric_bike,2024-05-31 23:47:02,2024-06-01 00:07:18,Michigan Ave & 14th St,TA1307000124,Halsted St & 35th St,TA1308000043,41.864289166666666,-87.623626,41.830661,-87.647172,casual
7238771678C03E5F,classic_bike,2024-05-31 17:36:43,2024-06-01 00:12:29,Michigan Ave & Madison St,13036,Damen Ave & Pierce Ave,TA1305000041,41.882134,-87.625125,41.9093960065,-87.6776919292,casual
7238771678C03E5F,classic_bike,2024-05-31 17:36:43.737,2024-06-01 00:12:29.354,Michigan Ave & Madison St,13036,Damen Ave & Pierce Ave,TA1305000041,41.882134,-87.625125,41.9093960065,-87.6776919292,casual
72EEF94673D4E796,classic_bike,2024-05-31 23:49:19.435,2024-06-01 00:06:01.459,Sheffield Ave & Webster Ave,TA1309000033,Greenview Ave & Diversey Pkwy,13294,41.92154,-87.653818,41.93258963429789,-87.66593635082245,casual
72EEF94673D4E796,classic_bike,2024-05-31 23:49:19,2024-06-01 00:06:01,Sheffield Ave & Webster Ave,TA1309000033,Greenview Ave & Diversey Pkwy,13294,41.92154,-87.653818,41.93258963429789,-87.66593635082245,casual
73894F50512DDA03,classic_bike,2024-05-31 06:32:22.834,2024-06-01 07:32:01.767,Broadway & Waveland Ave,13325,NULL,NULL,41.949074,-87.648636,NULL,NULL,casual
73894F50512DDA03,classic_bike,2024-05-31 06:32:22,2024-06-01 07:32:01,Broadway & Waveland Ave,13325,NULL,NULL,41.949074,-87.648636,NULL,NULL,casual
753240D686D7579C,classic_bike,2024-05-31 17:59:55.607,2024-06-01 18:59:32.171,Millennium Park,13008,NULL,NULL,41.8810317,-87.62408432,NULL,NULL,casual
753240D686D7579C,classic_bike,2024-05-31 17:59:55,2024-06-01 18:59:32,Millennium Park,13008,NULL,NULL,41.8810317,-87.62408432,NULL,NULL,casual
75AEF6DA7DAECFFA,classic_bike,2024-05-31 23:56:54.786,2024-06-01 00:05:11.241,Honore St & Division St,TA1305000034,Damen Ave & Cortland St,13133,41.903119,-87.673935,41.915983,-87.677335,member
75AEF6DA7DAECFFA,classic_bike,2024-05-31 23:56:54,2024-06-01 00:05:11,Honore St & Division St,TA1305000034,Damen Ave & Cortland St,13133,41.903119,-87.673935,41.915983,-87.677335,member
7817F106775A6E24,classic_bike,2024-05-31 18:01:22.459,2024-06-01 19:01:14.075,Wells St & Concord Ln,TA1308000050,NULL,NULL,41.912133,-87.634656,NULL,NULL,casual
7817F106775A6E24,classic_bike,2024-05-31 18:01:22,2024-06-01 19:01:14,Wells St & Concord Ln,TA1308000050,NULL,NULL,41.912133,-87.634656,NULL,NULL,casual
7A3224608C3E5179,electric_bike,2024-05-31 23:59:37,2024-06-01 00:06:39,Dayton St & North Ave,13058,Sheffield Ave & Wrightwood Ave,TA1309000023,41.910588741,-87.649393678,41.928712,-87.653833,casual
7A3224608C3E5179,electric_bike,2024-05-31 23:59:37.406,2024-06-01 00:06:39.076,Dayton St & North Ave,13058,Sheffield Ave & Wrightwood Ave,TA1309000023,41.910588741,-87.649393678,41.928712,-87.653833,casual
7B279FD3CB975215,classic_bike,2024-05-31 23:48:34.118,2024-06-01 00:30:04.04,Wentworth Ave & Cermak Rd,13075,Canal St & Adams St,13011,41.85308455741279,-87.63193130493164,41.879255,-87.639904,casual
7B279FD3CB975215,classic_bike,2024-05-31 23:48:34,2024-06-01 00:30:04,Wentworth Ave & Cermak Rd,13075,Canal St & Adams St,13011,41.85308455741279,-87.63193130493164,41.879255,-87.639904,casual
7BC67FD33887B3CB,classic_bike,2024-05-31 22:54:20.785,2024-06-01 00:42:41.148,Burnham Harbor,15545,St. Louis Ave & Fullerton Ave,KA1504000090,41.85741178707404,-87.61379152536392,41.92481559681187,-87.71449506282805,casual
7BC67FD33887B3CB,classic_bike,2024-05-31 22:54:20,2024-06-01 00:42:41,Burnham Harbor,15545,St. Louis Ave & Fullerton Ave,KA1504000090,41.85741178707404,-87.61379152536392,41.92481559681187,-87.71449506282805,casual
7D47B0F19ECBB5FC,electric_bike,2024-05-31 23:35:06.622,2024-06-01 00:09:03.436,NULL,NULL,Clark St & Elm St,TA1307000039,41.99,-87.67,41.902973,-87.63128,member
7D47B0F19ECBB5FC,electric_bike,2024-05-31 23:35:06,2024-06-01 00:09:03,NULL,NULL,Clark St & Elm St,TA1307000039,41.99,-87.67,41.902973,-87.63128,member
7FD8876225A67920,electric_bike,2024-05-31 22:26:40.474,2024-06-01 00:36:20.679,Lincoln Ave & Melrose St,TA1309000042,NULL,NULL,41.940510035,-87.669577956,41.95,-87.66,casual
7FD8876225A67920,electric_bike,2024-05-31 22:26:40,2024-06-01 00:36:20,Lincoln Ave & Melrose St,TA1309000042,NULL,NULL,41.940510035,-87.669577956,41.95,-87.66,casual
8253F897C289585A,electric_bike,2024-05-31 23:54:52.012,2024-06-01 00:07:51.212,Drake Ave & Addison St,KA1504000142,NULL,NULL,41.947410345,-87.717629433,41.95,-87.76,casual
8253F897C289585A,electric_bike,2024-05-31 23:54:52,2024-06-01 00:07:51,Drake Ave & Addison St,KA1504000142,NULL,NULL,41.947410345,-87.717629433,41.95,-87.76,casual
830A1214FF37C7BB,electric_bike,2024-05-31 23:47:31.83,2024-06-01 00:06:43.274,Michigan Ave & Oak St,13042,State St & 19th St,SL-013,41.90088284,-87.623713493,41.856594,-87.627542,member
830A1214FF37C7BB,electric_bike,2024-05-31 23:47:31,2024-06-01 00:06:43,Michigan Ave & Oak St,13042,State St & 19th St,SL-013,41.90088284,-87.623713493,41.856594,-87.627542,member
853A74B7E8AF6E01,classic_bike,2024-05-31 16:26:26.471,2024-06-01 17:26:05.57,Michigan Ave & Pearson St,13034,NULL,NULL,41.89766,-87.62351,NULL,NULL,casual
853A74B7E8AF6E01,classic_bike,2024-05-31 16:26:26,2024-06-01 17:26:05,Michigan Ave & Pearson St,13034,NULL,NULL,41.89766,-87.62351,NULL,NULL,casual
856C7C0338131AAA,classic_bike,2024-05-31 23:17:35,2024-06-01 00:14:45,Burnham Harbor,15545,Streeter Dr & Grand Ave,13022,41.85741178707404,-87.61379152536392,41.892278,-87.612043,casual
856C7C0338131AAA,classic_bike,2024-05-31 23:17:35.618,2024-06-01 00:14:45.983,Burnham Harbor,15545,Streeter Dr & Grand Ave,13022,41.85741178707404,-87.61379152536392,41.892278,-87.612043,casual
86868F5D2176E338,electric_bike,2024-05-31 23:47:51.742,2024-06-01 00:02:53.749,Damen Ave & Clybourn Ave,13271,NULL,NULL,41.9318915,-87.67784333333333,41.9,-87.66,casual
86868F5D2176E338,electric_bike,2024-05-31 23:47:51,2024-06-01 00:02:53,Damen Ave & Clybourn Ave,13271,NULL,NULL,41.9318915,-87.67784333333333,41.9,-87.66,casual
88BFB17F3D4B715B,electric_bike,2024-05-31 23:17:35,2024-06-01 00:15:41,Dearborn St & Erie St,13045,State St & Van Buren St,TA1305000035,41.893980742,-87.629399776,41.877181,-87.627844,casual
88BFB17F3D4B715B,electric_bike,2024-05-31 23:17:35.716,2024-06-01 00:15:41.205,Dearborn St & Erie St,13045,State St & Van Buren St,TA1305000035,41.893980742,-87.629399776,41.877181,-87.627844,casual
896C9B62563FE438,classic_bike,2024-05-31 18:44:12.493,2024-06-01 19:43:51.978,Wentworth Ave & Cermak Rd,13075,NULL,NULL,41.85308455741279,-87.63193130493164,NULL,NULL,casual
896C9B62563FE438,classic_bike,2024-05-31 18:44:12,2024-06-01 19:43:51,Wentworth Ave & Cermak Rd,13075,NULL,NULL,41.85308455741279,-87.63193130493164,NULL,NULL,casual
8A58BE5ACD18DA0B,electric_bike,2024-05-31 23:58:38.781,2024-06-01 00:06:09.126,Southport Ave & Wellington Ave,TA1307000006,NULL,NULL,41.935815334,-87.663615704,41.92,-87.65,casual
8A58BE5ACD18DA0B,electric_bike,2024-05-31 23:58:38,2024-06-01 00:06:09,Southport Ave & Wellington Ave,TA1307000006,NULL,NULL,41.935815334,-87.663615704,41.92,-87.65,casual
8BF93D4DDB0C0813,classic_bike,2024-05-31 23:40:08,2024-06-01 00:01:06,Wells St & Concord Ln,TA1308000050,DuSable Lake Shore Dr & Diversey Pkwy,TA1309000039,41.912133,-87.634656,41.932588,-87.636427,casual
8BF93D4DDB0C0813,classic_bike,2024-05-31 23:40:08.412,2024-06-01 00:01:06.424,Wells St & Concord Ln,TA1308000050,DuSable Lake Shore Dr & Diversey Pkwy,TA1309000039,41.912133,-87.634656,41.932588,-87.636427,casual
8C8875FAB92C98E4,electric_bike,2024-05-31 23:18:54.468,2024-06-01 00:10:55.467,Michigan Ave & 14th St,TA1307000124,Halsted St & Dickens Ave,13192,41.864233494,-87.623565555,41.919936,-87.64883,member
8C8875FAB92C98E4,electric_bike,2024-05-31 23:18:54,2024-06-01 00:10:55,Michigan Ave & 14th St,TA1307000124,Halsted St & Dickens Ave,13192,41.864233494,-87.623565555,41.919936,-87.64883,member
8E32D178ED360513,classic_bike,2024-05-31 23:41:48,2024-06-01 00:06:02,Blackstone Ave & Hyde Park Blvd,13398,Cottage Grove Ave & 67th St,KA1503000031,41.802562,-87.590368,41.77372095205,-87.60563486,member
8E32D178ED360513,classic_bike,2024-05-31 23:41:48.323,2024-06-01 00:06:02.765,Blackstone Ave & Hyde Park Blvd,13398,Cottage Grove Ave & 67th St,KA1503000031,41.802562,-87.590368,41.77372095205,-87.60563486,member
8F03D46E5BA76187,classic_bike,2024-05-31 23:21:43,2024-06-01 00:07:39,Lakefront Trail & Bryn Mawr Ave,15576,Clark St & Elm St,TA1307000039,41.98404411519213,-87.65228122472763,41.902973,-87.63128,member
8F03D46E5BA76187,classic_bike,2024-05-31 23:21:43.669,2024-06-01 00:07:39.67,Lakefront Trail & Bryn Mawr Ave,15576,Clark St & Elm St,TA1307000039,41.98404411519213,-87.65228122472763,41.902973,-87.63128,member
911805B6A69F6204,electric_bike,2024-05-31 23:06:30,2024-06-01 00:14:58,Burnham Harbor,15545,Streeter Dr & Grand Ave,13022,41.857420802,-87.613818169,41.892278,-87.612043,member
911805B6A69F6204,electric_bike,2024-05-31 23:06:30.026,2024-06-01 00:14:58.567,Burnham Harbor,15545,Streeter Dr & Grand Ave,13022,41.857420802,-87.613818169,41.892278,-87.612043,member
91D1E6CF6EEA5BD8,classic_bike,2024-05-31 07:16:24,2024-06-01 08:16:16,California Ave & 21st St,13096,NULL,NULL,41.853795793473395,-87.69582286477088,NULL,NULL,casual
91D1E6CF6EEA5BD8,classic_bike,2024-05-31 07:16:24.189,2024-06-01 08:16:16.121,California Ave & 21st St,13096,NULL,NULL,41.853795793473395,-87.69582286477088,NULL,NULL,casual
9362AABA6A352CC9,classic_bike,2024-05-31 23:56:03.11,2024-06-01 00:09:26.61,Wells St & Concord Ln,TA1308000050,Sheffield Ave & Wrightwood Ave,TA1309000023,41.912133,-87.634656,41.928712,-87.653833,casual
9362AABA6A352CC9,classic_bike,2024-05-31 23:56:03,2024-06-01 00:09:26,Wells St & Concord Ln,TA1308000050,Sheffield Ave & Wrightwood Ave,TA1309000023,41.912133,-87.634656,41.928712,-87.653833,casual
93D930D5CFDA0E73,classic_bike,2024-05-31 23:50:55,2024-06-01 00:29:56,Wentworth Ave & Cermak Rd,13075,Canal St & Adams St,13011,41.85308455741279,-87.63193130493164,41.879255,-87.639904,casual
93D930D5CFDA0E73,classic_bike,2024-05-31 23:50:55.057,2024-06-01 00:29:56.455,Wentworth Ave & Cermak Rd,13075,Canal St & Adams St,13011,41.85308455741279,-87.63193130493164,41.879255,-87.639904,casual
93DE9869CB329AC0,classic_bike,2024-05-31 23:06:03,2024-06-01 09:46:16,Western Ave & Walton St,KA1504000103,Damen Ave & Chicago Ave,13132,41.89841768945,-87.6865960164,41.895769,-87.67722,casual
93DE9869CB329AC0,classic_bike,2024-05-31 23:06:03.21,2024-06-01 09:46:16.425,Western Ave & Walton St,KA1504000103,Damen Ave & Chicago Ave,13132,41.89841768945,-87.6865960164,41.895769,-87.67722,casual
95B4A852D801C77A,classic_bike,2024-05-31 21:06:26.604,2024-06-01 02:36:52.154,Kedzie Ave & Milwaukee Ave,13085,Kedzie Ave & Milwaukee Ave,13085,41.929567,-87.707857,41.929567,-87.707857,casual
95B4A852D801C77A,classic_bike,2024-05-31 21:06:26,2024-06-01 02:36:52,Kedzie Ave & Milwaukee Ave,13085,Kedzie Ave & Milwaukee Ave,13085,41.929567,-87.707857,41.929567,-87.707857,casual
96525F541FF8A077,classic_bike,2024-05-31 23:41:00.58,2024-06-01 00:01:21.182,State St & Chicago Ave,21544,Aberdeen St & Jackson Blvd,13157,41.89661720040753,-87.62857854366302,41.87772613,-87.65478743,member
96525F541FF8A077,classic_bike,2024-05-31 23:41:00,2024-06-01 00:01:21,State St & Chicago Ave,21544,Aberdeen St & Jackson Blvd,13157,41.89661720040753,-87.62857854366302,41.87772613,-87.65478743,member
967B4FDE793A89E9,classic_bike,2024-05-31 19:52:00.165,2024-06-01 20:51:55.568,Walsh Park,18067,NULL,NULL,41.91461,-87.667968,NULL,NULL,casual
967B4FDE793A89E9,classic_bike,2024-05-31 19:52:00,2024-06-01 20:51:55,Walsh Park,18067,NULL,NULL,41.91461,-87.667968,NULL,NULL,casual
97FB4EDFD12E4192,classic_bike,2024-05-31 18:18:02,2024-06-01 07:27:41,Leavitt St & Belmont Ave,KA17018068,Spaulding Ave & Armitage Ave,15650,41.939354,-87.683282,41.917108034789315,-87.71022096276283,casual
97FB4EDFD12E4192,classic_bike,2024-05-31 18:18:02.187,2024-06-01 07:27:41.817,Leavitt St & Belmont Ave,KA17018068,Spaulding Ave & Armitage Ave,15650,41.939354,-87.683282,41.917108034789315,-87.71022096276283,casual
990470E7F6F4F760,classic_bike,2024-05-31 23:40:36.074,2024-06-01 00:00:29.444,Wells St & Concord Ln,TA1308000050,DuSable Lake Shore Dr & Diversey Pkwy,TA1309000039,41.912133,-87.634656,41.932588,-87.636427,member
990470E7F6F4F760,classic_bike,2024-05-31 23:40:36,2024-06-01 00:00:29,Wells St & Concord Ln,TA1308000050,DuSable Lake Shore Dr & Diversey Pkwy,TA1309000039,41.912133,-87.634656,41.932588,-87.636427,member
992E375F7C47F5CC,classic_bike,2024-05-31 23:48:23,2024-06-01 00:10:27,Damen Ave & Cortland St,13133,Damen Ave & Leland Ave,TA1307000158,41.915983,-87.677335,41.966946,-87.678893,member
992E375F7C47F5CC,classic_bike,2024-05-31 23:48:23.287,2024-06-01 00:10:27.591,Damen Ave & Cortland St,13133,Damen Ave & Leland Ave,TA1307000158,41.915983,-87.677335,41.966946,-87.678893,member
997078F5B91EA984,electric_bike,2024-05-31 23:43:04,2024-06-01 00:04:24,Clark St & Leland Ave,TA1309000014,NULL,NULL,41.967123866,-87.667465925,41.91,-87.69,member
997078F5B91EA984,electric_bike,2024-05-31 23:43:04.189,2024-06-01 00:04:24.612,Clark St & Leland Ave,TA1309000014,NULL,NULL,41.967123866,-87.667465925,41.91,-87.69,member
99AC3F84299D51E2,electric_bike,2024-05-31 23:40:50,2024-06-01 00:06:38,Public Rack - Clyde Ave & 87th St,986,NULL,NULL,41.737184167,-87.57300663,41.73,-87.58,casual
99AC3F84299D51E2,electric_bike,2024-05-31 23:40:50.121,2024-06-01 00:06:38.729,Public Rack - Clyde Ave & 87th St,986,NULL,NULL,41.737184167,-87.57300663,41.73,-87.58,casual
9AE40D5BC7577E88,classic_bike,2024-05-31 22:57:44,2024-06-01 23:57:27,Clark St & Newport St,632,NULL,NULL,41.94454,-87.654678,NULL,NULL,member
9AE40D5BC7577E88,classic_bike,2024-05-31 22:57:44,2024-06-01 23:57:27.912,Clark St & Newport St,632,NULL,NULL,41.94454,-87.654678,NULL,NULL,member
9B43F7CB54CFB914,electric_bike,2024-05-31 23:34:26.101,2024-06-01 00:11:15.263,Loomis St & Lexington St,13332,NULL,NULL,41.872167,-87.66136083333333,41.87,-87.66,member
9B43F7CB54CFB914,electric_bike,2024-05-31 23:34:26,2024-06-01 00:11:15,Loomis St & Lexington St,13332,NULL,NULL,41.872167,-87.66136083333333,41.87,-87.66,member
9C7764DA6B616DA8,electric_bike,2024-05-31 23:33:28.284,2024-06-01 00:05:09.002,Lake Park Ave & 53rd St,KA1503000059,South Shore Dr & 71st St,KA1503000002,41.79975483333333,-87.586299,41.7664094567,-87.5656875719,casual
9C7764DA6B616DA8,electric_bike,2024-05-31 23:33:28,2024-06-01 00:05:09,Lake Park Ave & 53rd St,KA1503000059,South Shore Dr & 71st St,KA1503000002,41.79975483333333,-87.586299,41.7664094567,-87.5656875719,casual
9FF6FFB668739B47,electric_bike,2024-05-31 23:53:26,2024-06-01 00:04:05,Halsted St & Wrightwood Ave,TA1309000061,Orleans St & Chestnut St (NEXT Apts),620,41.929207683,-87.649222374,41.898203,-87.637536,member
9FF6FFB668739B47,electric_bike,2024-05-31 23:53:26.419,2024-06-01 00:04:05.504,Halsted St & Wrightwood Ave,TA1309000061,Orleans St & Chestnut St (NEXT Apts),620,41.929207683,-87.649222374,41.898203,-87.637536,member
A02C60E3CA7E5DB6,electric_bike,2024-05-31 23:54:51.41,2024-06-01 00:01:43.156,NULL,NULL,Public Rack - Hyde Park Blvd & 53rd St,767,41.8,-87.59,41.799468,-87.584206,member
A02C60E3CA7E5DB6,electric_bike,2024-05-31 23:54:51,2024-06-01 00:01:43,NULL,NULL,Public Rack - Hyde Park Blvd & 53rd St,767,41.8,-87.59,41.799468,-87.584206,member
A36444266DA1BB1A,electric_bike,2024-05-31 23:51:54.856,2024-06-01 00:07:17.135,NULL,NULL,NULL,NULL,41.92,-87.63,41.93,-87.66,casual
A36444266DA1BB1A,electric_bike,2024-05-31 23:51:54,2024-06-01 00:07:17,NULL,NULL,NULL,NULL,41.92,-87.63,41.93,-87.66,casual
A368269A6A45538A,electric_bike,2024-05-31 23:31:03,2024-06-01 00:00:03,NULL,NULL,NULL,NULL,41.87,-87.63,41.94,-87.71,casual
A368269A6A45538A,electric_bike,2024-05-31 23:31:03.154,2024-06-01 00:00:03.57,NULL,NULL,NULL,NULL,41.87,-87.63,41.94,-87.71,casual
A44F278E20A9E917,electric_bike,2024-05-31 22:59:38,2024-06-01 00:02:24,NULL,NULL,NULL,NULL,41.96,-87.69,41.9,-87.68,member
A44F278E20A9E917,electric_bike,2024-05-31 22:59:38.162,2024-06-01 00:02:24.842,NULL,NULL,NULL,NULL,41.96,-87.69,41.9,-87.68,member
A454DCC96C4483CC,classic_bike,2024-05-31 23:38:36.639,2024-06-01 00:19:11.815,Wilton Ave & Belmont Ave,TA1307000134,Morgan St & Polk St,TA1307000130,41.940231918108594,-87.65294373035431,41.871737,-87.65103,casual
A454DCC96C4483CC,classic_bike,2024-05-31 23:38:36,2024-06-01 00:19:11,Wilton Ave & Belmont Ave,TA1307000134,Morgan St & Polk St,TA1307000130,41.940231918108594,-87.65294373035431,41.871737,-87.65103,casual
A4BCF625862FDDF2,electric_bike,2024-05-31 23:59:56.662,2024-06-01 00:43:58.834,Public Rack - Halsted St & 80th St,887,NULL,NULL,41.748305559,-87.644109845,41.75,-87.6,casual
A4BCF625862FDDF2,electric_bike,2024-05-31 23:59:56,2024-06-01 00:43:58,Public Rack - Halsted St & 80th St,887,NULL,NULL,41.748305559,-87.644109845,41.75,-87.6,casual
A5CEDF5535693FFB,electric_bike,2024-05-31 23:31:22,2024-06-01 00:01:09,Lake Park Ave & 53rd St,KA1503000059,NULL,NULL,41.799559593,-87.586456537,41.77,-87.57,casual
A5CEDF5535693FFB,electric_bike,2024-05-31 23:31:22.041,2024-06-01 00:01:09.381,Lake Park Ave & 53rd St,KA1503000059,NULL,NULL,41.799559593,-87.586456537,41.77,-87.57,casual
AA04719102286440,classic_bike,2024-05-31 23:45:06.54,2024-06-01 00:08:38.847,Honore St & Division St,TA1305000034,Dearborn St & Erie St,13045,41.903119,-87.673935,41.893992,-87.629318,casual
AA04719102286440,classic_bike,2024-05-31 23:45:06,2024-06-01 00:08:38,Honore St & Division St,TA1305000034,Dearborn St & Erie St,13045,41.903119,-87.673935,41.893992,-87.629318,casual
AA68E251D9989D2C,electric_bike,2024-05-31 23:22:30.433,2024-06-01 00:07:33.09,Lakefront Trail & Bryn Mawr Ave,15576,Clark St & Elm St,TA1307000039,41.984025121,-87.652376652,41.902973,-87.63128,member
AA68E251D9989D2C,electric_bike,2024-05-31 23:22:30,2024-06-01 00:07:33,Lakefront Trail & Bryn Mawr Ave,15576,Clark St & Elm St,TA1307000039,41.984025121,-87.652376652,41.902973,-87.63128,member
ABBD88BEBC1431FF,electric_bike,2024-05-31 23:20:35,2024-06-01 00:33:41,McClurg Ct & Erie St,KA1503000041,McClurg Ct & Erie St,KA1503000041,41.894351244,-87.617765188,41.894503,-87.617854,casual
ABBD88BEBC1431FF,electric_bike,2024-05-31 23:20:35.95,2024-06-01 00:33:41.089,McClurg Ct & Erie St,KA1503000041,McClurg Ct & Erie St,KA1503000041,41.894351244,-87.617765188,41.894503,-87.617854,casual
ABFFF6C6D8887D92,classic_bike,2024-05-31 22:42:32,2024-06-01 00:51:09,Columbus Dr & Randolph St,13263,Wentworth Ave & Cermak Rd*,chargingstx07,41.884728,-87.619521,41.853214418519656,-87.63187229633331,casual
ABFFF6C6D8887D92,classic_bike,2024-05-31 22:42:32.214,2024-06-01 00:51:09.605,Columbus Dr & Randolph St,13263,Wentworth Ave & Cermak Rd*,chargingstx07,41.884728,-87.619521,41.853214418519656,-87.63187229633331,casual
AF64DCDB78A7E980,electric_bike,2024-05-31 23:38:44,2024-06-01 00:33:46,Lincoln Ave & Sunnyside Ave,TA1307000156,NULL,NULL,41.963080883,-87.684857488,41.96,-87.66,member
AF64DCDB78A7E980,electric_bike,2024-05-31 23:38:44.195,2024-06-01 00:33:46.672,Lincoln Ave & Sunnyside Ave,TA1307000156,NULL,NULL,41.963080883,-87.684857488,41.96,-87.66,member
AFDEB5CA289CD1EA,electric_bike,2024-05-31 23:56:51.351,2024-06-01 00:06:43.498,Dayton St & North Ave,13058,Sheffield Ave & Wrightwood Ave,TA1309000023,41.910668612,-87.649511695,41.928712,-87.653833,casual
AFDEB5CA289CD1EA,electric_bike,2024-05-31 23:56:51,2024-06-01 00:06:43,Dayton St & North Ave,13058,Sheffield Ave & Wrightwood Ave,TA1309000023,41.910668612,-87.649511695,41.928712,-87.653833,casual
B1B9E66D2E7C383D,classic_bike,2024-05-31 11:50:26,2024-06-01 09:52:57,Austin Blvd & Madison St,16918,Austin Blvd & Madison St,16918,41.880281,-87.774453,41.880281,-87.774453,casual
B1B9E66D2E7C383D,classic_bike,2024-05-31 11:50:26.806,2024-06-01 09:52:57.046,Austin Blvd & Madison St,16918,Austin Blvd & Madison St,16918,41.880281,-87.774453,41.880281,-87.774453,casual
B3C137975492B86D,classic_bike,2024-05-31 23:38:38,2024-06-01 00:08:45,Clark St & Newport St,632,Kingsbury St & Erie St,13265,41.94454,-87.654678,41.89380805624359,-87.64169722795485,member
B3C137975492B86D,classic_bike,2024-05-31 23:38:38.544,2024-06-01 00:08:45.009,Clark St & Newport St,632,Kingsbury St & Erie St,13265,41.94454,-87.654678,41.89380805624359,-87.64169722795485,member
B5151B3073F1D4FE,classic_bike,2024-05-31 20:24:00,2024-06-01 21:23:38,Marine Dr & Ainslie St,KA1504000171,NULL,NULL,41.9716,-87.650154,NULL,NULL,casual
B5151B3073F1D4FE,classic_bike,2024-05-31 20:24:00.047,2024-06-01 21:23:38.757,Marine Dr & Ainslie St,KA1504000171,NULL,NULL,41.9716,-87.650154,NULL,NULL,casual
B63622EB0F077AE0,classic_bike,2024-05-31 16:49:50,2024-06-01 17:49:43,Wilton Ave & Belmont Ave,TA1307000134,NULL,NULL,41.940231918108594,-87.65294373035431,NULL,NULL,casual
B63622EB0F077AE0,classic_bike,2024-05-31 16:49:50.461,2024-06-01 17:49:43.216,Wilton Ave & Belmont Ave,TA1307000134,NULL,NULL,41.940231918108594,-87.65294373035431,NULL,NULL,casual
BB8229EB1FE3CFA5,classic_bike,2024-05-31 23:21:43,2024-06-01 00:04:18,Lakefront Trail & Bryn Mawr Ave,15576,Clark St & Armitage Ave,13146,41.98404411519213,-87.65228122472763,41.918306,-87.636282,member
BB8229EB1FE3CFA5,classic_bike,2024-05-31 23:21:43.974,2024-06-01 00:04:18.461,Lakefront Trail & Bryn Mawr Ave,15576,Clark St & Armitage Ave,13146,41.98404411519213,-87.65228122472763,41.918306,-87.636282,member
BC2B0F1981C8482E,classic_bike,2024-05-31 23:36:38,2024-06-01 01:29:28,Franklin St & Lake St,TA1307000111,Kingsbury St & Erie St,13265,41.885837,-87.6355,41.89380805624359,-87.64169722795485,casual
BC2B0F1981C8482E,classic_bike,2024-05-31 23:36:38.259,2024-06-01 01:29:28.871,Franklin St & Lake St,TA1307000111,Kingsbury St & Erie St,13265,41.885837,-87.6355,41.89380805624359,-87.64169722795485,casual
BCBAC1A34CC92D57,classic_bike,2024-05-31 16:01:32.198,2024-06-01 17:01:28.03,Burnham Greenway & 112th St,20219,NULL,NULL,41.69177385116831,-87.53043115139008,NULL,NULL,casual
BCBAC1A34CC92D57,classic_bike,2024-05-31 16:01:32,2024-06-01 17:01:28,Burnham Greenway & 112th St,20219,NULL,NULL,41.69177385116831,-87.53043115139008,NULL,NULL,casual
BDEBE20B7BAA1E46,classic_bike,2024-05-31 23:53:55,2024-06-01 00:30:18,Wentworth Ave & Cermak Rd,13075,Canal St & Adams St,13011,41.85308455741279,-87.63193130493164,41.879255,-87.639904,casual
BDEBE20B7BAA1E46,classic_bike,2024-05-31 23:53:55.957,2024-06-01 00:30:18.45,Wentworth Ave & Cermak Rd,13075,Canal St & Adams St,13011,41.85308455741279,-87.63193130493164,41.879255,-87.639904,casual
BDF5D09E0EE33741,classic_bike,2024-05-31 23:57:58,2024-06-01 00:17:09,Halsted St & Dickens Ave,13192,Cannon Dr & Fullerton Ave,13124,41.919936,-87.64883,41.9267559875,-87.6344287848,casual
BDF5D09E0EE33741,classic_bike,2024-05-31 23:57:58.698,2024-06-01 00:17:09.154,Halsted St & Dickens Ave,13192,Cannon Dr & Fullerton Ave,13124,41.919936,-87.64883,41.9267559875,-87.6344287848,casual
BE96DFD7724F59C5,classic_bike,2024-05-31 22:52:38,2024-06-01 00:14:08,Burnham Harbor,15545,Western Ave & Winnebago Ave,13068,41.85741178707404,-87.61379152536392,41.91552,-87.687022,casual
BE96DFD7724F59C5,classic_bike,2024-05-31 22:52:38.145,2024-06-01 00:14:08.13,Burnham Harbor,15545,Western Ave & Winnebago Ave,13068,41.85741178707404,-87.61379152536392,41.91552,-87.687022,casual
BF264DE1F48920ED,electric_bike,2024-05-31 23:56:10.076,2024-06-01 00:00:02.405,Wells St & Huron St,TA1306000012,Michigan Ave & Pearson St,13034,41.894783735,-87.634630084,41.89766,-87.62351,member
BF264DE1F48920ED,electric_bike,2024-05-31 23:56:10,2024-06-01 00:00:02,Wells St & Huron St,TA1306000012,Michigan Ave & Pearson St,13034,41.894783735,-87.634630084,41.89766,-87.62351,member
C1BEA67BEA35C8B6,classic_bike,2024-05-31 21:12:46.39,2024-06-01 22:12:41.541,DuSable Lake Shore Dr & North Blvd,LF-005,NULL,NULL,41.911722,-87.626804,NULL,NULL,casual
C1BEA67BEA35C8B6,classic_bike,2024-05-31 21:12:46,2024-06-01 22:12:41,DuSable Lake Shore Dr & North Blvd,LF-005,NULL,NULL,41.911722,-87.626804,NULL,NULL,casual
C23A424DB42532DF,classic_bike,2024-05-31 19:26:59,2024-06-01 20:26:55,Ellis Ave & 60th St,KA1503000014,NULL,NULL,41.78509714636,-87.6010727606,NULL,NULL,casual
C23A424DB42532DF,classic_bike,2024-05-31 19:26:59.665,2024-06-01 20:26:55.619,Ellis Ave & 60th St,KA1503000014,NULL,NULL,41.78509714636,-87.6010727606,NULL,NULL,casual
C4348E6A5DF57407,classic_bike,2024-05-31 19:39:31,2024-06-01 10:27:17,Larrabee St & Menomonee St,TA1306000007,Ravenswood Ave & Lawrence Ave,TA1309000066,41.91468,-87.64332,41.968445,-87.674226,casual
C4348E6A5DF57407,classic_bike,2024-05-31 19:39:31.197,2024-06-01 10:27:17.716,Larrabee St & Menomonee St,TA1306000007,Ravenswood Ave & Lawrence Ave,TA1309000066,41.91468,-87.64332,41.968445,-87.674226,casual
C4FA41C192AB56D6,classic_bike,2024-05-31 23:48:34.149,2024-06-01 00:11:45.754,Desplaines St & Kinzie St,TA1306000003,Laflin St & Cullerton St,13307,41.888716036,-87.6444478533,41.85491457576575,-87.66355991363525,member
C4FA41C192AB56D6,classic_bike,2024-05-31 23:48:34,2024-06-01 00:11:45,Desplaines St & Kinzie St,TA1306000003,Laflin St & Cullerton St,13307,41.888716036,-87.6444478533,41.85491457576575,-87.66355991363525,member
C5EF63A2DE8E57A8,electric_bike,2024-05-31 23:52:07.5,2024-06-01 00:05:59.003,Indiana Ave & 26th St,TA1307000005,Indiana Ave & 26th St,TA1307000005,41.845698953,-87.622606635,41.845687,-87.622481,casual
C5EF63A2DE8E57A8,electric_bike,2024-05-31 23:52:07,2024-06-01 00:05:59,Indiana Ave & 26th St,TA1307000005,Indiana Ave & 26th St,TA1307000005,41.845698953,-87.622606635,41.845687,-87.622481,casual
C80171A2E5BE24EA,classic_bike,2024-05-31 23:56:07.292,2024-06-01 00:10:44.695,Wells St & Concord Ln,TA1308000050,Sheffield Ave & Wrightwood Ave,TA1309000023,41.912133,-87.634656,41.928712,-87.653833,casual
C80171A2E5BE24EA,classic_bike,2024-05-31 23:56:07,2024-06-01 00:10:44,Wells St & Concord Ln,TA1308000050,Sheffield Ave & Wrightwood Ave,TA1309000023,41.912133,-87.634656,41.928712,-87.653833,casual
C8279789821AE094,classic_bike,2024-05-31 23:50:19.405,2024-06-01 00:13:45.708,Shedd Aquarium,15544,McClurg Ct & Erie St,KA1503000041,41.86722595682,-87.6153553902,41.894503,-87.617854,member
C8279789821AE094,classic_bike,2024-05-31 23:50:19,2024-06-01 00:13:45,Shedd Aquarium,15544,McClurg Ct & Erie St,KA1503000041,41.86722595682,-87.6153553902,41.894503,-87.617854,member
C899AFD24E3306F0,classic_bike,2024-05-31 22:50:23.52,2024-06-01 00:14:32.975,State St & Van Buren St,TA1305000035,State St & Van Buren St,TA1305000035,41.877181,-87.627844,41.877181,-87.627844,casual
C899AFD24E3306F0,classic_bike,2024-05-31 22:50:23,2024-06-01 00:14:32,State St & Van Buren St,TA1305000035,State St & Van Buren St,TA1305000035,41.877181,-87.627844,41.877181,-87.627844,casual
CA12CCDD359DA80C,classic_bike,2024-05-31 23:54:35,2024-06-01 00:01:25,Halsted St & Archer Ave,TA1308000013,Morgan St & 31st St,TA1308000046,41.847203,-87.646795,41.8378,-87.65114,casual
CA12CCDD359DA80C,classic_bike,2024-05-31 23:54:35.583,2024-06-01 00:01:25.63,Halsted St & Archer Ave,TA1308000013,Morgan St & 31st St,TA1308000046,41.847203,-87.646795,41.8378,-87.65114,casual
CB85886B0C75E7A5,electric_bike,2024-05-31 23:44:50.72,2024-06-01 00:23:13.79,Damen Ave & Cullerton St,13089,Wells St & Huron St,TA1306000012,41.855029583,-87.675620556,41.894722,-87.634362,casual
CB85886B0C75E7A5,electric_bike,2024-05-31 23:44:50,2024-06-01 00:23:13,Damen Ave & Cullerton St,13089,Wells St & Huron St,TA1306000012,41.855029583,-87.675620556,41.894722,-87.634362,casual
CE5D8C80E791A4BE,electric_bike,2024-05-31 19:02:10.995,2024-06-01 01:07:01.9,Wabash Ave & Adams St,KA1503000015,Wabash Ave & Grand Ave,TA1307000117,41.879328966,-87.625932455,41.891466,-87.626761,member
CE5D8C80E791A4BE,electric_bike,2024-05-31 19:02:10,2024-06-01 01:07:01,Wabash Ave & Adams St,KA1503000015,Wabash Ave & Grand Ave,TA1307000117,41.879328966,-87.625932455,41.891466,-87.626761,member
CEF606B32FE89E92,classic_bike,2024-05-31 23:04:44,2024-06-02 00:04:41,Shedd Aquarium,15544,NULL,NULL,41.86722595682,-87.6153553902,NULL,NULL,casual
CEF606B32FE89E92,classic_bike,2024-05-31 23:04:44.878,2024-06-02 00:04:41.875,Shedd Aquarium,15544,NULL,NULL,41.86722595682,-87.6153553902,NULL,NULL,casual
CF25E56A43052CFF,electric_bike,2024-05-31 23:52:19,2024-06-01 00:02:17,Wabash Ave & Grand Ave,TA1307000117,Milwaukee Ave & Grand Ave,13033,41.891412854,-87.626526356,41.891578,-87.648384,member
CF25E56A43052CFF,electric_bike,2024-05-31 23:52:19.097,2024-06-01 00:02:17.587,Wabash Ave & Grand Ave,TA1307000117,Milwaukee Ave & Grand Ave,13033,41.891412854,-87.626526356,41.891578,-87.648384,member
CFEA352ECBC2DAD6,classic_bike,2024-05-31 23:19:48,2024-06-01 00:14:33,Burnham Harbor,15545,Streeter Dr & Grand Ave,13022,41.85741178707404,-87.61379152536392,41.892278,-87.612043,casual
CFEA352ECBC2DAD6,classic_bike,2024-05-31 23:19:48.911,2024-06-01 00:14:33.559,Burnham Harbor,15545,Streeter Dr & Grand Ave,13022,41.85741178707404,-87.61379152536392,41.892278,-87.612043,casual
D06A25584E922C00,classic_bike,2024-05-31 23:57:00.62,2024-06-02 00:56:55.268,California Ave & Milwaukee Ave,13084,NULL,NULL,41.922695,-87.697153,NULL,NULL,casual
D06A25584E922C00,classic_bike,2024-05-31 23:57:00,2024-06-02 00:56:55,California Ave & Milwaukee Ave,13084,NULL,NULL,41.922695,-87.697153,NULL,NULL,casual
D0E4678A0FA7AF41,electric_bike,2024-05-31 23:44:11.916,2024-06-01 00:00:28.525,California Ave & Milwaukee Ave,13084,Kingsbury St & Kinzie St,KA1503000043,41.922655582,-87.69722259,41.88917683258,-87.6385057718,casual
D0E4678A0FA7AF41,electric_bike,2024-05-31 23:44:11,2024-06-01 00:00:28,California Ave & Milwaukee Ave,13084,Kingsbury St & Kinzie St,KA1503000043,41.922655582,-87.69722259,41.88917683258,-87.6385057718,casual
D115C403314536C4,electric_bike,2024-05-31 23:55:36.902,2024-06-01 00:09:19.244,LaSalle St & Illinois St,13430,Morgan Ave & 14th Pl,TA1306000002,41.891057253,-87.631802678,41.862378,-87.651062,member
D115C403314536C4,electric_bike,2024-05-31 23:55:36,2024-06-01 00:09:19,LaSalle St & Illinois St,13430,Morgan Ave & 14th Pl,TA1306000002,41.891057253,-87.631802678,41.862378,-87.651062,member
D28A917362A5355A,classic_bike,2024-05-31 17:28:54.127,2024-06-01 18:28:46.652,Christiana Ave & Lawrence Ave,15615,NULL,NULL,41.96835449363,-87.7118306675,NULL,NULL,casual
D28A917362A5355A,classic_bike,2024-05-31 17:28:54,2024-06-01 18:28:46,Christiana Ave & Lawrence Ave,15615,NULL,NULL,41.96835449363,-87.7118306675,NULL,NULL,casual
D2D1637EEDB9BA15,classic_bike,2024-05-31 23:48:51.417,2024-06-01 00:08:37.568,Wells St & Concord Ln,TA1308000050,Damen Ave & Cortland St,13133,41.912133,-87.634656,41.915983,-87.677335,member
D2D1637EEDB9BA15,classic_bike,2024-05-31 23:48:51,2024-06-01 00:08:37,Wells St & Concord Ln,TA1308000050,Damen Ave & Cortland St,13133,41.912133,-87.634656,41.915983,-87.677335,member
D2FD2CDA9A4C8707,classic_bike,2024-05-31 22:34:45,2024-06-01 23:34:40,Wells St & 19th St,SL-006,NULL,NULL,41.856802,-87.633879,NULL,NULL,casual
D2FD2CDA9A4C8707,classic_bike,2024-05-31 22:34:45.348,2024-06-01 23:34:40.546,Wells St & 19th St,SL-006,NULL,NULL,41.856802,-87.633879,NULL,NULL,casual
D321DC9DD14C8658,electric_bike,2024-05-31 23:32:23.148,2024-06-01 00:14:04.528,NULL,NULL,Wells St & Hubbard St,TA1307000151,41.98,-87.68,41.889906,-87.634266,casual
D321DC9DD14C8658,electric_bike,2024-05-31 23:32:23,2024-06-01 00:14:04,NULL,NULL,Wells St & Hubbard St,TA1307000151,41.98,-87.68,41.889906,-87.634266,casual
D55108DEEE45D0E6,classic_bike,2024-05-31 18:21:43,2024-06-01 19:21:21,Wells St & Elm St,KA1504000135,NULL,NULL,41.903222,-87.634324,41.91,-87.68,casual
D55108DEEE45D0E6,classic_bike,2024-05-31 18:21:43.73,2024-06-01 19:21:21.733,Wells St & Elm St,KA1504000135,NULL,NULL,41.903222,-87.634324,41.91,-87.68,casual
D739DA08680E8A0B,classic_bike,2024-05-31 01:02:49,2024-06-01 02:02:43,Columbus Dr & Randolph St,13263,NULL,NULL,41.884728,-87.619521,NULL,NULL,casual
D739DA08680E8A0B,classic_bike,2024-05-31 01:02:49.582,2024-06-01 02:02:43.407,Columbus Dr & Randolph St,13263,NULL,NULL,41.884728,-87.619521,NULL,NULL,casual
DA0BE47BDE6E717B,classic_bike,2024-05-31 11:17:13,2024-06-01 12:17:05,Throop St & Taylor St,13139,NULL,NULL,41.868968,-87.659141,NULL,NULL,member
DA0BE47BDE6E717B,classic_bike,2024-05-31 11:17:13.59,2024-06-01 12:17:05.246,Throop St & Taylor St,13139,NULL,NULL,41.868968,-87.659141,NULL,NULL,member
DBAEDF6D73232242,classic_bike,2024-05-31 09:27:11,2024-06-01 10:26:48,Wells St & Huron St,TA1306000012,NULL,NULL,41.894722,-87.634362,NULL,NULL,casual
DBAEDF6D73232242,classic_bike,2024-05-31 09:27:11.855,2024-06-01 10:26:48.871,Wells St & Huron St,TA1306000012,NULL,NULL,41.894722,-87.634362,NULL,NULL,casual
DC09A8E4B9BB27AC,electric_bike,2024-05-31 23:49:00.347,2024-06-01 00:04:00.121,NULL,NULL,May St & Taylor St,13160,41.9,-87.63,41.8694821,-87.6554864,member
DC09A8E4B9BB27AC,electric_bike,2024-05-31 23:49:00,2024-06-01 00:04:00,NULL,NULL,May St & Taylor St,13160,41.9,-87.63,41.8694821,-87.6554864,member
DE2F518D28E3B083,classic_bike,2024-05-31 16:48:14.074,2024-06-01 17:48:08.509,Sheridan Rd & Montrose Ave,TA1307000107,NULL,NULL,41.96167,-87.65464,NULL,NULL,casual
DE2F518D28E3B083,classic_bike,2024-05-31 16:48:14,2024-06-01 17:48:08,Sheridan Rd & Montrose Ave,TA1307000107,NULL,NULL,41.96167,-87.65464,NULL,NULL,casual
DF457AB27F30DC3D,electric_bike,2024-05-31 23:56:44,2024-06-01 00:04:13,Clark St & Winnemac Ave,TA1309000035,Clark St & Schreiber Ave,KA1504000156,41.973408461,-87.667820811,41.999245,-87.671249,member
DF457AB27F30DC3D,electric_bike,2024-05-31 23:56:44.035,2024-06-01 00:04:13.659,Clark St & Winnemac Ave,TA1309000035,Clark St & Schreiber Ave,KA1504000156,41.973408461,-87.667820811,41.999245,-87.671249,member
E011D7A381AEF0A7,classic_bike,2024-05-31 23:11:00.37,2024-06-01 00:14:31.799,Burnham Harbor,15545,Western Ave & Winnebago Ave,13068,41.85741178707404,-87.61379152536392,41.91552,-87.687022,casual
E011D7A381AEF0A7,classic_bike,2024-05-31 23:11:00,2024-06-01 00:14:31,Burnham Harbor,15545,Western Ave & Winnebago Ave,13068,41.85741178707404,-87.61379152536392,41.91552,-87.687022,casual
E116112468454D60,electric_bike,2024-05-31 23:52:02,2024-06-01 00:07:35,NULL,NULL,NULL,NULL,41.88,-87.64,41.87,-87.63,casual
E116112468454D60,electric_bike,2024-05-31 23:52:02.658,2024-06-01 00:07:35.047,NULL,NULL,NULL,NULL,41.88,-87.64,41.87,-87.63,casual
E3023D3FDD3EEAED,classic_bike,2024-05-31 23:41:03.171,2024-06-01 00:50:17.083,Elston Ave & Cortland St,TA1305000039,Clinton St & Jackson Blvd,638,41.91643342912655,-87.66674637794495,41.878316611830684,-87.64098107814789,casual
E3023D3FDD3EEAED,classic_bike,2024-05-31 23:41:03,2024-06-01 00:50:17,Elston Ave & Cortland St,TA1305000039,Clinton St & Jackson Blvd,638,41.91643342912655,-87.66674637794495,41.878316611830684,-87.64098107814789,casual
E44822A2626D9047,electric_bike,2024-05-31 23:38:11,2024-06-01 00:23:17,Dearborn St & Van Buren St,624,DuSable Lake Shore Dr & Monroe St,13300,41.876304,-87.6297515,41.880958,-87.616743,casual
E44822A2626D9047,electric_bike,2024-05-31 23:38:11.23,2024-06-01 00:23:17.854,Dearborn St & Van Buren St,624,DuSable Lake Shore Dr & Monroe St,13300,41.876304,-87.6297515,41.880958,-87.616743,casual
E4A5714390A3C462,classic_bike,2024-05-31 23:38:47,2024-06-01 00:17:54,DuSable Lake Shore Dr & Belmont Ave,TA1309000049,Pine Grove Ave & Irving Park Rd,TA1308000022,41.940775,-87.639192,41.954383,-87.648043,casual
E4A5714390A3C462,classic_bike,2024-05-31 23:38:47.575,2024-06-01 00:17:54.804,DuSable Lake Shore Dr & Belmont Ave,TA1309000049,Pine Grove Ave & Irving Park Rd,TA1308000022,41.940775,-87.639192,41.954383,-87.648043,casual
E8E59D45A4AEFD11,electric_bike,2024-05-31 23:53:31.737,2024-06-01 00:04:30.292,Green St & Washington Blvd,13053,Michigan Ave & Washington St,13001,41.883200049,-87.648792505,41.8839840647265,-87.6246839761734,member
E8E59D45A4AEFD11,electric_bike,2024-05-31 23:53:31,2024-06-01 00:04:30,Green St & Washington Blvd,13053,Michigan Ave & Washington St,13001,41.883200049,-87.648792505,41.8839840647265,-87.6246839761734,member
EAFF3833A4916230,electric_bike,2024-05-31 22:53:05,2024-06-01 00:49:47,Broadway & Barry Ave,13137,NULL,NULL,41.937723517,-87.64414537,41.95,-87.65,member
EAFF3833A4916230,electric_bike,2024-05-31 22:53:05.327,2024-06-01 00:49:47.221,Broadway & Barry Ave,13137,NULL,NULL,41.937723517,-87.64414537,41.95,-87.65,member
EDF25542931631EF,electric_bike,2024-05-31 23:21:09.305,2024-06-01 00:32:20.056,NULL,NULL,Commercial Ave & 83rd St,TA1309000051,41.89,-87.63,41.744615,-87.551208,member
EDF25542931631EF,electric_bike,2024-05-31 23:21:09,2024-06-01 00:32:20,NULL,NULL,Commercial Ave & 83rd St,TA1309000051,41.89,-87.63,41.744615,-87.551208,member
F2E698ECB05C43D7,electric_bike,2024-05-31 23:50:48,2024-06-01 00:04:35,Bissell St & Armitage Ave*,chargingstx1,NULL,NULL,41.918475986,-87.652233362,41.92,-87.68,member
F2E698ECB05C43D7,electric_bike,2024-05-31 23:50:48.241,2024-06-01 00:04:35.916,Bissell St & Armitage Ave*,chargingstx1,NULL,NULL,41.918475986,-87.652233362,41.92,-87.68,member
F56A74CBCE0D5CEC,electric_bike,2024-05-31 23:18:37.903,2024-06-01 00:11:00.803,Michigan Ave & 14th St,TA1307000124,Halsted St & Dickens Ave,13192,41.864035845,-87.623782039,41.919936,-87.64883,casual
F56A74CBCE0D5CEC,electric_bike,2024-05-31 23:18:37,2024-06-01 00:11:00,Michigan Ave & 14th St,TA1307000124,Halsted St & Dickens Ave,13192,41.864035845,-87.623782039,41.919936,-87.64883,casual
F7196176B3B2F9CF,classic_bike,2024-05-31 23:51:53,2024-06-01 00:10:32,Shedd Aquarium,15544,New St & Illinois St,TA1306000013,41.86722595682,-87.6153553902,41.890847040623804,-87.61861681938171,casual
F7196176B3B2F9CF,classic_bike,2024-05-31 23:51:53.877,2024-06-01 00:10:32.111,Shedd Aquarium,15544,New St & Illinois St,TA1306000013,41.86722595682,-87.6153553902,41.890847040623804,-87.61861681938171,casual
F74208AD3A0B73CB,classic_bike,2024-05-31 23:54:18,2024-06-01 00:00:58,Wilton Ave & Diversey Pkwy*,chargingstx2,Sheffield Ave & Waveland Ave,TA1307000126,41.932418,-87.652705,41.949399,-87.654529,member
F74208AD3A0B73CB,classic_bike,2024-05-31 23:54:18.501,2024-06-01 00:00:58.695,Wilton Ave & Diversey Pkwy*,chargingstx2,Sheffield Ave & Waveland Ave,TA1307000126,41.932418,-87.652705,41.949399,-87.654529,member
F7E3361ABB32F747,classic_bike,2024-05-31 22:42:51,2024-06-01 00:51:19,Columbus Dr & Randolph St,13263,Wentworth Ave & Cermak Rd,13075,41.884728,-87.619521,41.85308455741279,-87.63193130493164,casual
F7E3361ABB32F747,classic_bike,2024-05-31 22:42:51.988,2024-06-01 00:51:19.896,Columbus Dr & Randolph St,13263,Wentworth Ave & Cermak Rd,13075,41.884728,-87.619521,41.85308455741279,-87.63193130493164,casual
F8A9257D1DD04F43,classic_bike,2024-05-31 23:43:04,2024-06-01 00:02:46,Sheffield Ave & Wrightwood Ave,TA1309000023,Halsted St & Fulton St,23003,41.928712,-87.653833,41.886871,-87.648089,member
F8A9257D1DD04F43,classic_bike,2024-05-31 23:43:04.939,2024-06-01 00:02:46.881,Sheffield Ave & Wrightwood Ave,TA1309000023,Halsted St & Fulton St,23003,41.928712,-87.653833,41.886871,-87.648089,member
FA03ED5FBCE6E570,classic_bike,2024-05-31 18:04:57.686,2024-06-01 00:51:24.235,Clark St & North Ave,13128,Wentworth Ave & Cermak Rd,13075,41.911974,-87.631942,41.85308455741279,-87.63193130493164,casual
FA03ED5FBCE6E570,classic_bike,2024-05-31 18:04:57,2024-06-01 00:51:24,Clark St & North Ave,13128,Wentworth Ave & Cermak Rd,13075,41.911974,-87.631942,41.85308455741279,-87.63193130493164,casual
FCA692A3455D0366,electric_bike,2024-05-31 23:56:30,2024-06-01 00:09:42,Fairbanks St & Superior St,18003,Leavitt St & Chicago Ave,18058,41.895463943,-87.619710565,41.895501,-87.682017,member
FCA692A3455D0366,electric_bike,2024-05-31 23:56:30.372,2024-06-01 00:09:42.708,Fairbanks St & Superior St,18003,Leavitt St & Chicago Ave,18058,41.895463943,-87.619710565,41.895501,-87.682017,member
FCAC6F8E18670115,electric_bike,2024-05-31 22:16:23,2024-06-01 00:36:54,Lincoln Ave & Melrose St,TA1309000042,NULL,NULL,41.940527081,-87.669570088,41.95,-87.66,casual
FCAC6F8E18670115,electric_bike,2024-05-31 22:16:23.936,2024-06-01 00:36:54.772,Lincoln Ave & Melrose St,TA1309000042,NULL,NULL,41.940527081,-87.669570088,41.95,-87.66,casual
FEA150E7A56F187E,classic_bike,2024-05-31 23:09:06,2024-06-01 08:47:44,Sangamon St & Lake St,TA1306000015,State St & Kinzie St,13050,41.88577925240433,-87.65102460980414,41.889375466631684,-87.62707650661469,member
FEA150E7A56F187E,classic_bike,2024-05-31 23:09:06.28,2024-06-01 08:47:44.728,Sangamon St & Lake St,TA1306000015,State St & Kinzie St,13050,41.88577925240433,-87.65102460980414,41.889375466631684,-87.62707650661469,member
